frame_idx,timestamp,x,y,theta_rad,theta_deg,gps_state,gps_quality,lane_position,lane_offset,uturn_detected,num_features,num_landmarks,fps
0,0.0,0.0,0.0,0.0,0.0,GPS_GOOD,GPS_GOOD,unstructured_road,0.0,0,0,1,34.72163446414676
1,0.04,-0.017417455458778795,0.005787446527041524,0.01688425961988409,0.967396816422518,GPS_GOOD,GPS_GOOD,unstructured_road,0.0,0,298,1,18.977806534516382
2,0.08,0.6147244853278194,0.006717859530079602,0.023975730780307295,1.373708184453508,GPS_GOOD,GPS_GOOD,unstructured_road,0.0,0,299,1,25.18965341212787
3,0.12,0.6065826239817397,0.0076909346759631205,0.03149818264106617,1.8047129276653244,GPS_GOOD,GPS_GOOD,unstructured_road,0.0,0,298,1,29.55337753570598
4,0.16,1.231101380406986,0.009351726603163975,0.03878066438870246,2.2219683961859396,GPS_GOOD,GPS_GOOD,unstructured_road,0.0,0,296,1,29.955034995000712
5,0.2,1.2222224701963287,0.01026210159941844,0.046199396017999085,2.647030407884849,GPS_GOOD,GPS_GOOD,unstructured_road,0.0,0,299,1,27.86579678178025
6,0.24,1.2136809766923937,0.011541571268114302,0.05645668364558673,3.234729698197378,GPS_GOOD,GPS_GOOD,unstructured_road,0.0,0,296,1,33.654318015871105
7,0.28,1.836900354443418,0.01579368001339782,0.07248968989396434,4.153353289136293,GPS_GOOD,GPS_GOOD,unstructured_road,0.0,0,292,1,29.553585772466565
8,0.32,1.827187899188301,0.016365805516314082,0.07940169353590362,4.549381925798468,GPS_GOOD,GPS_GOOD,unstructured_road,0.0,0,293,1,27.950846328135412
9,0.36,2.4583378646683123,0.018350390117301024,0.09519108005395296,5.454047134383457,GPS_GOOD,GPS_GOOD,unstructured_road,0.0,0,295,1,26.603138359274904
10,0.4,2.4489987693505153,0.020474929458513806,0.11197387514341797,6.415630461442685,GPS_GOOD,GPS_GOOD,unstructured_road,0.0,0,299,1,29.97451564722109
11,0.44,2.4303505950048523,0.02493406210754682,0.13022048901721509,7.461084426816114,GPS_GOOD,GPS_GOOD,unstructured_road,0.0,0,295,1,28.488687536932765
12,0.48,3.060753696709482,0.0276062480320451,0.15136704047089483,8.672692576368199,GPS_GOOD,GPS_GOOD,unstructured_road,0.0,0,299,1,29.79522771025282
13,0.52,3.050959548545389,0.030565430091251466,0.17477672118633436,10.013968481111677,GPS_GOOD,GPS_GOOD,unstructured_road,0.0,0,295,1,28.202499983190002
14,0.56,3.6700163594972435,0.035410374442024356,0.19594066875962501,11.226573354897372,GPS_GOOD,GPS_GOOD,unstructured_road,0.0,0,290,1,28.85280905832743
15,0.6,3.659226800284469,0.03716922512697049,0.21475821836221323,12.304739527903758,GPS_GOOD,GPS_GOOD,unstructured_road,0.0,0,298,1,30.374798131585617
16,0.64,3.6484311404551497,0.03933022902423993,0.23645929732080004,13.548119763110936,GPS_GOOD,GPS_GOOD,unstructured_road,0.0,0,297,1,30.407829774893973
17,0.68,4.265260014910031,0.04127168395049679,0.25330412528083884,14.513257311845125,GPS_GOOD,GPS_GOOD,unstructured_road,0.0,0,295,1,27.999919891586615
18,0.72,4.254373830976028,0.041129286801882645,0.2659475112115141,15.237669964427901,GPS_GOOD,GPS_GOOD,unstructured_road,0.0,0,298,1,29.13439470978856
19,0.76,4.883336172746878,0.040714974168410675,0.2779700821025621,15.926512535381788,GPS_GOOD,GPS_GOOD,unstructured_road,0.0,0,297,1,24.285522384602913
20,0.8,4.872290018205281,0.04035190309337045,0.29087078534274347,16.665668383794927,GPS_GOOD,GPS_GOOD,unstructured_road,0.0,0,299,1,29.30559029645829
21,0.84,4.847889299010037,0.04103639018173263,0.3076558039419664,17.62737910857899,GPS_GOOD,GPS_GOOD,unstructured_road,0.0,0,295,1,26.944425529181256
22,0.88,5.475452817183862,0.03984037425637393,0.31880215593008837,18.266018034465635,GPS_GOOD,GPS_GOOD,unstructured_road,0.0,0,298,2,25.807925178439575
23,0.92,5.4621874912080175,0.03787688462877948,0.32784702114028763,18.78425063727476,GPS_GOOD,GPS_GOOD,unstructured_road,0.0,0,291,2,27.789914463091918
24,0.96,6.074972334078889,0.035355671479004716,0.34024021312641983,19.494328232775487,GPS_GOOD,GPS_GOOD,unstructured_road,0.0,0,294,2,29.75000177323829
25,1.0,6.060966373531146,0.0335827869199143,0.351520693239082,20.14065213411229,GPS_GOOD,GPS_GOOD,unstructured_road,0.0,0,300,2,30.116349536870825
26,1.04,6.04628816964918,0.031080377392760365,0.36113434932309446,20.69147405341647,GPS_GOOD,GPS_GOOD,unstructured_road,0.0,0,297,2,30.273510072394206
27,1.08,6.655809985123881,0.025483544069597363,0.37058296094982096,21.23283962188614,GPS_GOOD,GPS_GOOD,unstructured_road,0.0,0,291,2,31.629820671764474
28,1.12,6.640311786033755,0.022656971377064954,0.3805926966957169,21.80635523416721,GPS_GOOD,GPS_GOOD,unstructured_road,0.0,0,294,2,30.972330731570437
29,1.16,7.265498936951486,0.017956778231523397,0.38445249725248337,22.027505515832175,GPS_GOOD,GPS_GOOD,unstructured_road,0.0,0,293,2,38.456567582931434
30,1.2,7.250184560158864,0.013871558937654498,0.3909664785300372,22.400729150863246,GPS_GOOD,GPS_GOOD,unstructured_road,0.0,0,299,2,31.165415880281166
31,1.24,7.219647636913985,0.006506399473555776,0.3990874197628373,22.86602480917646,GPS_GOOD,GPS_GOOD,unstructured_road,0.0,0,293,2,24.896148914953226
32,1.28,7.844311858496357,0.001038390056074277,0.40206569365389383,23.036667333368005,GPS_GOOD,GPS_GOOD,unstructured_road,0.0,0,299,2,25.52646185306003
33,1.32,7.828291792834746,-0.004879107685683867,0.40460416227179646,23.18211087160023,GPS_GOOD,GPS_GOOD,unstructured_road,0.0,0,298,2,25.48288201806881
34,1.36,8.434667938422931,-0.016722085756724517,0.4080753938452178,23.38099779046983,GPS_GOOD,GPS_GOOD,unstructured_road,0.0,0,286,2,25.709844305504475
35,1.4,8.41732727662244,-0.02197122297618651,0.41408260957215964,23.72518589824821,GPS_GOOD,GPS_GOOD,unstructured_road,0.0,0,300,2,23.643201803833147
36,1.44,8.401622074676117,-0.027255719991024774,0.4187932476596791,23.995085579476655,GPS_GOOD,GPS_GOOD,unstructured_road,0.0,0,295,2,24.865154551167286
37,1.48,9.006855002531927,-0.035691865585471355,0.4283062162128089,24.540138528211664,GPS_GOOD,GPS_GOOD,unstructured_road,0.0,0,288,2,27.92219100749597
38,1.52,8.989828283725227,-0.0433712383942891,0.42854859805656537,24.55402598488951,GPS_GOOD,GPS_GOOD,unstructured_road,0.0,0,296,2,26.185759325737475
39,1.56,9.610551531354409,-0.05009272148710657,0.4334458184331395,24.834616043812673,GPS_GOOD,GPS_GOOD,unstructured_road,0.0,0,297,2,27.795807736402978
40,1.6,9.59325070523424,-0.05719260034056116,0.4357629240394684,24.967376415741423,GPS_GOOD,GPS_GOOD,unstructured_road,0.0,0,297,2,27.743225098059966
41,1.64,9.565296563366608,-0.07006093290025345,0.43599165429857484,24.980481694235156,GPS_GOOD,GPS_GOOD,unstructured_road,0.0,0,296,2,27.787152851388594
42,1.68,10.191400157164223,-0.07615033959036209,0.4372018514704597,25.049820884562827,GPS_GOOD,GPS_GOOD,unstructured_road,0.0,0,299,2,26.1831438720028
43,1.72,10.175697163135577,-0.082729235213836,0.4393313202715179,25.171830459468243,GPS_GOOD,GPS_GOOD,unstructured_road,0.0,0,298,2,26.279606273065042
44,1.76,10.786608235486284,-0.09524674410123998,0.4410662860755758,25.27123667764028,GPS_GOOD,GPS_GOOD,unstructured_road,0.0,0,295,2,25.099661292832096
45,1.8,10.770243387719983,-0.10222123577251316,0.44307630413377175,25.38640222911999,GPS_GOOD,GPS_GOOD,unstructured_road,0.0,0,300,2,26.866414291845217
46,1.84,10.755626435480709,-0.1085615320215979,0.4448555992909545,25.488348332134628,GPS_GOOD,GPS_GOOD,unstructured_road,0.0,0,300,2,27.100414165627484
47,1.88,11.36925467714404,-0.1207337030567924,0.4455097762106739,25.52582990868942,GPS_GOOD,GPS_GOOD,unstructured_road,0.0,0,291,2,28.065119204544693
48,1.92,11.354789611145586,-0.12732248392763681,0.4464621297630709,25.58039574784606,GPS_GOOD,GPS_GOOD,unstructured_road,0.0,0,299,2,30.06928194540032
49,1.96,11.978678506364812,-0.1350444980065579,0.4464365078356749,25.578927719543277,GPS_GOOD,GPS_GOOD,unstructured_road,0.0,0,299,2,32.55613080499561
50,2.0,11.961427273617087,-0.1438940370419045,0.44498697232727596,25.495875452657668,GPS_GOOD,GPS_GOOD,unstructured_road,0.0,0,294,2,28.91227683187427
51,2.04,11.924439942231665,-0.16225256072228192,0.44415889987606805,25.448430396072403,GPS_GOOD,GPS_GOOD,unstructured_road,0.0,0,298,2,27.7661825259172
52,2.08,12.547139402064905,-0.1708175046546197,0.44334124974539313,25.40158249446641,GPS_GOOD,GPS_GOOD,unstructured_road,0.0,0,295,2,27.702546151051816
53,2.12,12.527754404590619,-0.1801336245396036,0.44309634077159443,25.387550243902865,GPS_GOOD,GPS_GOOD,unstructured_road,0.0,0,298,2,27.85228864938808
54,2.16,13.12850204179793,-0.19914447318270304,0.44267888084467893,25.363631551974766,GPS_GOOD,GPS_GOOD,unstructured_road,0.0,0,292,2,26.933179220445645
55,2.2,13.105496336191369,-0.20929932562040415,0.444099660599238,25.445036235528633,GPS_GOOD,GPS_GOOD,unstructured_road,0.0,0,298,2,28.019185805710315
56,2.24,13.086274159356451,-0.21778458524567626,0.4455941209877326,25.530662508438855,GPS_GOOD,GPS_GOOD,unstructured_road,0.0,0,295,2,25.04615347867887
57,2.28,13.69431054921737,-0.23238117071378558,0.4465000899042067,25.582570703722862,GPS_GOOD,GPS_GOOD,unstructured_road,0.0,0,290,2,25.709056360905944
58,2.32,13.678416185347478,-0.23897315617259296,0.4493081982316243,25.74346345929943,GPS_GOOD,GPS_GOOD,unstructured_road,0.0,0,292,2,22.281327858140806
59,2.36,14.303230680287747,-0.24629589607712504,0.4493074741606075,25.7434219730861,GPS_GOOD,GPS_GOOD,unstructured_road,0.0,0,293,2,23.872371184482375
60,2.4,14.290080416037632,-0.25259757370251773,0.44943555344047564,25.75076037526562,GPS_GOOD,GPS_GOOD,unstructured_road,0.0,0,297,2,22.28191969740435
61,2.44,14.26474271705477,-0.26584871379640995,0.4477288411887055,25.65297296639592,GPS_GOOD,GPS_GOOD,unstructured_road,0.0,0,269,2,19.660369929407793
62,2.48,14.892924441157238,-0.2714761525814407,0.44790416453990683,25.663018254469847,GPS_GOOD,GPS_GOOD,unstructured_road,0.0,0,289,2,21.334961061685817
63,2.52,14.881099498728332,-0.2775411213534184,0.44653536735317123,25.584591952660517,GPS_GOOD,GPS_GOOD,unstructured_road,0.0,0,294,2,29.492075545992773
64,2.56,15.497406438859006,-0.2896636230159426,0.4451465776233828,25.505020162512526,GPS_GOOD,GPS_GOOD,unstructured_road,0.0,0,292,3,31.372886934147143
65,2.6,15.486827838793056,-0.29548455442383187,0.4420995951297038,25.33044092537447,GPS_GOOD,GPS_GOOD,unstructured_road,0.0,0,290,3,30.385360446836717
66,2.64,15.476894255120344,-0.30088190579473206,0.43917228189711843,25.162718231834532,GPS_GOOD,GPS_GOOD,unstructured_road,0.0,0,292,3,29.46038167885314
67,2.68,16.09803801023182,-0.3102970944861159,0.43791299585033444,25.090566456154097,GPS_GOOD,GPS_GOOD,unstructured_road,0.0,0,290,3,31.3344489600765
68,2.72,16.088941117665247,-0.31482259010306124,0.43666487759746064,25.019054547931187,GPS_GOOD,GPS_GOOD,unstructured_road,0.0,0,299,3,27.826788474679724
69,2.76,16.719846177690126,-0.3191876096447561,0.43609614963032994,24.986468835723542,GPS_GOOD,GPS_GOOD,unstructured_road,0.0,0,297,3,31.333512625130734
70,2.8,16.71067457304239,-0.3239622854548827,0.4337861476865728,24.85411547367924,GPS_GOOD,GPS_GOOD,unstructured_road,0.0,0,297,3,31.290968502409694
71,2.84,16.690582990830922,-0.3340130239996126,0.4322041246652212,24.763472231463258,GPS_GOOD,GPS_GOOD,unstructured_road,0.0,0,290,3,29.51448877630005
72,2.88,17.320019280107662,-0.339633378592372,0.42921736048177817,24.592343249351135,GPS_GOOD,GPS_GOOD,unstructured_road,0.0,0,297,3,31.333512625130734
73,2.92,17.308194713931858,-0.3452864743878267,0.4283362302927142,24.541858208316206,GPS_GOOD,GPS_GOOD,unstructured_road,0.0,0,297,3,30.386901398246756
74,2.96,17.923699569774946,-0.35666087025701126,0.4279999459375315,24.522590534047957,GPS_GOOD,GPS_GOOD,unstructured_road,0.0,0,279,3,30.383819651705252
75,3.0,17.913601224384795,-0.3613145401770696,0.4277984901707238,24.511047968851305,GPS_GOOD,GPS_GOOD,unstructured_road,0.0,0,296,3,27.850994037105405
76,3.04,17.903852293232315,-0.3662896212261118,0.4254789363734289,24.378147325912764,GPS_GOOD,GPS_GOOD,unstructured_road,0.0,0,298,3,30.38624097136192
77,3.08,18.52326775211037,-0.37634420748693637,0.42395847847478096,24.29103150539291,GPS_GOOD,GPS_GOOD,unstructured_road,0.0,0,294,3,29.924687147729056
78,3.12,18.51310622581033,-0.38094382067811267,0.4239007487304775,24.28772383469195,GPS_GOOD,GPS_GOOD,unstructured_road,0.0,0,300,3,30.353036531002143
79,3.16,19.142994655917533,-0.38562489280552203,0.42339213850059276,24.258582615102377,GPS_GOOD,GPS_GOOD,unstructured_road,0.0,0,298,3,31.349906569997756
80,3.2,19.132284122836417,-0.39064265069471216,0.42261688980985473,24.214164137050044,GPS_GOOD,GPS_GOOD,unstructured_road,0.0,0,298,3,30.359188164104346
81,3.24,19.11098374668184,-0.40026409150504483,0.42252993019669527,24.209181718227917,GPS_GOOD,GPS_GOOD,unstructured_road,0.0,0,294,3,30.01913813957816
82,3.28,19.739656794576415,-0.4053851614557583,0.4224204373782884,24.20290824184621,GPS_GOOD,GPS_GOOD,unstructured_road,0.0,0,297,3,30.384479973341254
83,3.32,19.728050984957676,-0.4106466085930404,0.4222513572855318,24.193220666131577,GPS_GOOD,GPS_GOOD,unstructured_road,0.0,0,299,3,29.486477556328868
84,3.36,20.34715283910706,-0.42005470595285843,0.4222114097052681,24.190931838380706,GPS_GOOD,GPS_GOOD,unstructured_road,0.0,0,293,3,30.385140323678986
85,3.4,20.336127537326572,-0.4245235132864633,0.4241653445195792,24.302884056684412,GPS_GOOD,GPS_GOOD,unstructured_road,0.0,0,297,3,30.385140323678986
86,3.44,20.325161632989072,-0.4290598911263313,0.42584542743609094,24.399145717032564,GPS_GOOD,GPS_GOOD,unstructured_road,0.0,0,297,3,30.359407911403856
87,3.48,20.9434528248567,-0.43831530092127186,0.42704739379810513,24.46801331669267,GPS_GOOD,GPS_GOOD,unstructured_road,0.0,0,291,3,31.33398078560863
88,3.52,20.9323303056331,-0.4431123158649763,0.4280927825873423,24.52790968226625,GPS_GOOD,GPS_GOOD,unstructured_road,0.0,0,298,3,33.42048270531709
89,3.56,21.561389832791342,-0.44791634022284244,0.42884727457818267,24.571138889017828,GPS_GOOD,GPS_GOOD,unstructured_road,0.0,0,299,3,30.386020835446338
90,3.6,21.55027728461037,-0.45309356554489094,0.4284713829882053,24.549601887357664,GPS_GOOD,GPS_GOOD,unstructured_road,0.0,0,295,3,31.340536501531794
91,3.64,21.527125829543394,-0.46325842717843296,0.42924785153602574,24.594090258072427,GPS_GOOD,GPS_GOOD,unstructured_road,0.0,0,297,3,30.361166004328723
92,3.68,22.154454803082803,-0.4686620241520279,0.43062401874166795,24.672938830860037,GPS_GOOD,GPS_GOOD,unstructured_road,0.0,0,298,3,31.32742781172042
93,3.72,22.142941452710023,-0.4734411419152077,0.4325805468098725,24.785039631667043,GPS_GOOD,GPS_GOOD,unstructured_road,0.0,0,297,3,30.384259862940265
94,3.76,22.75973472864404,-0.4832066099793912,0.4343842215952439,24.88838258448299,GPS_GOOD,GPS_GOOD,unstructured_road,0.0,0,290,3,30.36204512715085
95,3.8,22.747397246748804,-0.4887028831696316,0.4351886355983391,24.934472111841565,GPS_GOOD,GPS_GOOD,unstructured_road,0.0,0,297,3,32.37244913710599
96,3.84,22.735238615589854,-0.4934245374615813,0.438597912291175,25.129809277533383,GPS_GOOD,GPS_GOOD,unstructured_road,0.0,0,295,3,29.461002472465722
97,3.88,23.351251826294234,-0.5031869277136644,0.4413389647397693,25.286860014261837,GPS_GOOD,GPS_GOOD,unstructured_road,0.0,0,287,3,30.983083900896776
98,3.92,23.33845254248584,-0.5089669165472908,0.4422424468113902,25.33862572383145,GPS_GOOD,GPS_GOOD,unstructured_road,0.0,0,296,3,29.489379952331067
99,3.96,23.965360545340907,-0.5142737563136274,0.4452494252523123,25.510912897583115,GPS_GOOD,GPS_GOOD,unstructured_road,0.0,0,300,3,29.51448877630005
100,4.0,23.951626472161372,-0.5198159486252149,0.4484967165267183,25.696968982456237,GPS_GOOD,GPS_GOOD,unstructured_road,0.0,0,300,3,29.491038720881996
101,4.04,23.923440860371255,-0.5332977247917414,0.4486199825399308,25.704031604770716,GPS_GOOD,GPS_GOOD,unstructured_road,0.0,0,293,3,31.333746703620974
102,4.08,24.548501448114905,-0.5395974414823564,0.4512284594781272,25.853486324286575,GPS_GOOD,GPS_GOOD,unstructured_road,0.0,0,299,3,30.384700086931325
103,4.12,24.5331921729517,-0.5459229678571854,0.45435528397354463,26.03264017115212,GPS_GOOD,GPS_GOOD,unstructured_road,0.0,0,299,3,29.514281090133768
104,4.16,25.14128792106631,-0.5608181574335511,0.45527948646004485,26.085593073044077,GPS_GOOD,GPS_GOOD,unstructured_road,0.0,0,296,4,10.444296144307101
105,4.2,25.12454033211052,-0.567828621684702,0.45837664682597573,26.263047290487112,GPS_GOOD,GPS_GOOD,unstructured_road,0.0,0,298,4,15.185914401677064
106,4.24,25.107581991737653,-0.5751335827234395,0.46109443843425457,26.41876527923756,GPS_GOOD,GPS_GOOD,unstructured_road,0.0,0,299,4,13.329638339795334
107,4.28,25.71229101541727,-0.592119519866635,0.4617528303390531,26.456488356648098,GPS_GOOD,GPS_GOOD,unstructured_road,0.0,0,296,4,14.28553328451491
108,4.32,25.693770792626033,-0.6003385037273095,0.46407282515790144,26.589414268260324,GPS_GOOD,GPS_GOOD,unstructured_road,0.0,0,297,4,16.663967675676105
109,4.36,26.314893975285035,-0.6082201873410842,0.46768041679661254,26.796114043365154,GPS_GOOD,GPS_GOOD,unstructured_road,0.0,0,298,4,25.359315577859064
110,4.4,26.29583166885424,-0.6174166884574922,0.46863703498633735,26.85092422824183,GPS_GOOD,GPS_GOOD,unstructured_road,0.0,0,299,4,22.786461672189926
111,4.44,26.256363609790295,-0.6347872096493654,0.4714808794695667,27.013864514722435,GPS_GOOD,GPS_GOOD,unstructured_road,0.0,0,295,4,28.749770374940024
112,4.48,26.875293592115796,-0.6445487572092241,0.4734613719396268,27.127338374614318,GPS_GOOD,GPS_GOOD,unstructured_road,0.0,0,298,4,30.314426134721018
113,4.52,26.854418102794273,-0.6549392136192512,0.47407335122052563,27.162402204559275,GPS_GOOD,GPS_GOOD,unstructured_road,0.0,0,299,4,30.353695515302395
114,4.56,27.45077857263488,-0.6748218551068098,0.4765240506477988,27.302816938597154,GPS_GOOD,GPS_GOOD,unstructured_road,0.0,0,282,4,31.293303091798972
115,4.6,27.426072977813178,-0.6859633344815936,0.4793063588658217,27.46223145679443,GPS_GOOD,GPS_GOOD,unstructured_road,0.0,0,297,4,30.35018126297966
116,4.64,27.400099743510758,-0.6969471610328232,0.4834760471537946,27.70113699758041,GPS_GOOD,GPS_GOOD,unstructured_road,0.0,0,296,4,28.64844336980725
117,4.68,27.98867127969573,-0.7163978804923511,0.48989156218552116,28.068718932301078,GPS_GOOD,GPS_GOOD,unstructured_road,0.0,0,294,4,29.4659697633901
118,4.72,27.961694882602668,-0.725460313919483,0.49861774246072177,28.56869223334038,GPS_GOOD,GPS_GOOD,unstructured_road,0.0,0,299,4,30.353915183094514
119,4.76,28.576282604678887,-0.7331279576433428,0.5094374606263453,29.18861641975164,GPS_GOOD,GPS_GOOD,unstructured_road,0.0,0,299,4,30.370399333840194
120,4.8,28.549048328680335,-0.7404680412599766,0.5223941151481183,29.930978040458324,GPS_GOOD,GPS_GOOD,unstructured_road,0.0,0,300,4,29.510750872453
121,4.84,28.504022676913088,-0.7501250360972801,0.5387687101035835,30.86917322264269,GPS_GOOD,GPS_GOOD,unstructured_road,0.0,0,291,4,25.566761961073556
122,4.88,29.118094456392217,-0.7564448028340643,0.5545418484273243,31.772907478269094,GPS_GOOD,GPS_GOOD,unstructured_road,0.0,0,297,4,25.04346164639571
123,4.92,29.097005537348096,-0.7588124986403434,0.5778438489511547,33.108013762496206,GPS_GOOD,GPS_GOOD,unstructured_road,0.0,0,299,4,28.457760860862898
124,4.96,29.694474185802882,-0.7624858199001427,0.6037222838023437,34.590738859873596,GPS_GOOD,GPS_GOOD,unstructured_road,0.0,0,292,4,27.851918747883367
125,5.0,29.6742482766064,-0.7682540020420321,0.6208754133768706,35.57354078993502,GPS_GOOD,GPS_GOOD,unstructured_road,0.0,0,295,4,29.918923738667086
126,5.04,29.65461349461879,-0.7742278825587625,0.6380082660217605,36.55518093750676,GPS_GOOD,GPS_GOOD,unstructured_road,0.0,0,298,4,27.852658560718247
127,5.08,30.25811251536477,-0.7885201247070805,0.6519451499312207,37.35370556508261,GPS_GOOD,GPS_GOOD,unstructured_road,0.0,0,279,4,30.351279379414148
128,5.12,30.239736198289272,-0.7961104601222628,0.6656419788063505,38.13847605234047,GPS_GOOD,GPS_GOOD,unstructured_road,0.0,0,298,4,30.382719179421798
129,5.16,30.861586893434886,-0.8042494275417201,0.678488391672337,38.87452129144406,GPS_GOOD,GPS_GOOD,unstructured_road,0.0,0,295,4,31.332810410643717
130,5.2,30.842412830598956,-0.8128330243940287,0.6920450343475645,39.65125970110154,GPS_GOOD,GPS_GOOD,unstructured_road,0.0,0,297,4,31.302644934025913
131,5.24,30.808729937371233,-0.8323469081060594,0.7008321100523724,40.154722053248975,GPS_GOOD,GPS_GOOD,unstructured_road,0.0,0,265,4,29.519681880564452
132,5.28,31.43046363809001,-0.8414777439737728,0.7133208377028244,40.8702734391082,GPS_GOOD,GPS_GOOD,unstructured_road,0.0,0,293,4,31.362799566306503
133,5.32,31.411470135756332,-0.8516093339028845,0.7250730970880541,41.54362830162488,GPS_GOOD,GPS_GOOD,unstructured_road,0.0,0,298,4,31.29984179576729
134,5.36,32.01865182708555,-0.8714260758683735,0.734643664795049,42.09198143877988,GPS_GOOD,GPS_GOOD,unstructured_road,0.0,0,279,4,29.32567033735361
135,5.4,32.002306078700855,-0.881711120392907,0.7437498064753143,42.613724924707256,GPS_GOOD,GPS_GOOD,unstructured_road,0.0,0,295,4,30.41510637989297
136,5.44,31.985934384752998,-0.8921529862251238,0.7530129078287047,43.14446153745845,GPS_GOOD,GPS_GOOD,unstructured_road,0.0,0,298,4,29.521551845491146
137,5.48,32.59346461973922,-0.9156182195128183,0.7597090869877355,43.528124342134376,GPS_GOOD,GPS_GOOD,unstructured_road,0.0,0,297,4,29.51448877630005
138,5.52,32.577751992938595,-0.9269799022027764,0.7667434202368004,43.93116194899434,GPS_GOOD,GPS_GOOD,unstructured_road,0.0,0,299,4,31.334683052556873
139,5.56,33.201630100220726,-0.9402141067133346,0.7709222311032549,44.17059017502559,GPS_GOOD,GPS_GOOD,unstructured_road,0.0,0,297,4,31.340302321584684
140,5.6,33.184973914284356,-0.9536897947480302,0.7756952456564493,44.44406376447815,GPS_GOOD,GPS_GOOD,unstructured_road,0.0,0,300,4,32.34798167543305
141,5.64,33.14864393446588,-0.9816341438931317,0.7820126435674644,44.806024002284076,GPS_GOOD,GPS_GOOD,unstructured_road,0.0,0,293,4,31.33725830070829
142,5.68,33.769782832476324,-0.9978805313300716,0.7857470968447642,45.01999241386215,GPS_GOOD,GPS_GOOD,unstructured_road,0.0,0,296,4,29.490416660807448
143,5.72,33.75061286175246,-1.0151510254004736,0.7885064273195871,45.17809040435133,GPS_GOOD,GPS_GOOD,unstructured_road,0.0,0,294,4,25.065312098485077
144,5.76,34.35346484933425,-1.0513253322602503,0.7893689161538162,45.22750737442982,GPS_GOOD,GPS_GOOD,unstructured_road,0.0,0,292,4,30.37963828107458
145,5.8,34.33271010367289,-1.0711110577254,0.7908356920130561,45.31154744065594,GPS_GOOD,GPS_GOOD,unstructured_road,0.0,0,300,4,32.31209651325825
146,5.84,34.31163409502181,-1.0920070855228297,0.7913475665274732,45.34087568997235,GPS_GOOD,GPS_GOOD,unstructured_road,0.0,0,300,4,30.383819651705252
147,5.88,34.90735071746182,-1.1343665015806454,0.7928292208809596,45.42576823112431,GPS_GOOD,GPS_GOOD,unstructured_road,0.0,0,297,4,35.062395505918545
148,5.92,34.883748655181606,-1.1573237436854074,0.7939492003335035,45.48993832689644,GPS_GOOD,GPS_GOOD,unstructured_road,0.0,0,300,4,31.358109977197113
149,5.96,35.50251198948901,-1.1784671554272648,0.7945150653725261,45.52236000540645,GPS_GOOD,GPS_GOOD,unstructured_road,0.0,0,292,5,32.28200451022497
150,6.0,35.48290495183002,-1.197554689583624,0.7957014780909737,45.59033644693413,GPS_GOOD,GPS_GOOD,unstructured_road,0.0,0,300,5,34.573093630736004
151,6.04,35.45526946045768,-1.22485506230052,0.7965648159307733,45.63980206144859,GPS_GOOD,GPS_GOOD,unstructured_road,0.0,0,285,5,34.57651374634187
152,6.08,36.08185156116028,-1.2374501841223151,0.7988166884285116,45.76882485157058,GPS_GOOD,GPS_GOOD,unstructured_road,0.0,0,291,5,32.31134975232842
153,6.12,36.07050949773319,-1.2474738968863912,0.8027663855014318,45.99512582420408,GPS_GOOD,GPS_GOOD,unstructured_road,0.0,0,294,5,35.76834977784979
154,6.16,36.68783814531741,-1.2678466762495806,0.8064883810422242,46.208380460058,GPS_GOOD,GPS_GOOD,unstructured_road,0.0,0,279,5,37.12923471871819
155,6.2,36.67668148890824,-1.278370857058465,0.8091333309820538,46.35992492863361,GPS_GOOD,GPS_GOOD,unstructured_road,0.0,0,288,5,34.56967419166069
156,6.24,36.66516958681868,-1.2891764807725352,0.8120476158995602,46.526901154705364,GPS_GOOD,GPS_GOOD,unstructured_road,0.0,0,299,5,37.12890604252607
157,6.28,37.28312679098674,-1.3114678572000587,0.8131551184204905,46.590356374954766,GPS_GOOD,GPS_GOOD,unstructured_road,0.0,0,293,5,34.53637007394233
158,6.32,37.27139860578191,-1.3233648614333133,0.8142399265762935,46.652511303863655,GPS_GOOD,GPS_GOOD,unstructured_road,0.0,0,297,5,31.29960822357375
159,6.36,37.90028032940926,-1.3348674908947777,0.8148637352372674,46.68825290736116,GPS_GOOD,GPS_GOOD,unstructured_road,0.0,0,295,5,32.83880868121888
160,6.4,37.88870460647284,-1.3466498687206339,0.8159489223717915,46.75042955015129,GPS_GOOD,GPS_GOOD,unstructured_road,0.0,0,296,5,31.360220118732524
161,6.44,37.8657039863621,-1.3711006152836693,0.8159489223717915,46.75042955015129,GPS_GOOD,GPS_GOOD,unstructured_road,0.0,0,289,5,30.823698869732645
162,6.48,38.493683118445894,-1.3835166597408368,0.8167058088009875,46.79379594811495,GPS_GOOD,GPS_GOOD,unstructured_road,0.0,0,299,5,31.336555918324656
163,6.52,38.48104928399723,-1.396386235851422,0.8178670916377252,46.860332553481,GPS_GOOD,GPS_GOOD,unstructured_road,0.0,0,295,5,27.616998301223383
164,6.56,39.09378835572407,-1.4247387371507745,0.8185430700662503,46.89906326447737,GPS_GOOD,GPS_GOOD,unstructured_road,0.0,0,288,5,29.454795713422943
165,6.6,39.07924979579777,-1.4392774360019533,0.8202872873759428,46.99899955487641,GPS_GOOD,GPS_GOOD,unstructured_road,0.0,0,297,5,24.383220165565994
166,6.64,39.06425727100298,-1.4539753416366807,0.8226458048822493,47.13413265389549,GPS_GOOD,GPS_GOOD,unstructured_road,0.0,0,298,5,27.828080837568503
167,6.68,39.67340549572835,-1.4852874685387105,0.8242164530768868,47.22412416654807,GPS_GOOD,GPS_GOOD,unstructured_road,0.0,0,297,5,31.87597087747564
168,6.72,39.65676688004858,-1.5009833224902978,0.8277936418356499,47.42908198494683,GPS_GOOD,GPS_GOOD,unstructured_road,0.0,0,300,5,34.58136006859706
169,6.76,40.2795676171119,-1.5166437394191827,0.8324879645048903,47.698046861566894,GPS_GOOD,GPS_GOOD,unstructured_road,0.0,0,299,5,30.385360446836717
170,6.8,40.26176783365729,-1.5344634926379173,0.8349368676841494,47.838358678174615,GPS_GOOD,GPS_GOOD,unstructured_road,0.0,0,298,5,33.38138291098943
171,6.84,40.22517138830964,-1.5724128905484742,0.8365890480866648,47.93302164223297,GPS_GOOD,GPS_GOOD,unstructured_road,0.0,0,291,5,32.3794466403162
172,6.88,40.84622994164922,-1.5915726951867464,0.83898167801703,48.07010923917958,GPS_GOOD,GPS_GOOD,unstructured_road,0.0,0,299,5,31.30124330213884
173,6.92,40.82629870272268,-1.6123013618255573,0.8407697774766605,48.17255979156603,GPS_GOOD,GPS_GOOD,unstructured_road,0.0,0,300,5,32.34324226370864
174,6.96,41.42611222672076,-1.655891473745711,0.8415469566969975,48.21708888081661,GPS_GOOD,GPS_GOOD,unstructured_road,0.0,0,298,5,32.30960744438282
175,7.0,41.40493281226898,-1.677908629237694,0.8434815635715204,48.32793368974376,GPS_GOOD,GPS_GOOD,unstructured_road,0.0,0,296,5,31.333044478642183
176,7.04,41.38221547105719,-1.7016936067960948,0.8453304402150925,48.43386651826076,GPS_GOOD,GPS_GOOD,unstructured_road,0.0,0,298,5,33.42208056097852
177,7.08,41.98108124505235,-1.7454179535080676,0.8468788066797923,48.52258138182765,GPS_GOOD,GPS_GOOD,unstructured_road,0.0,0,276,5,34.57708383139741
178,7.12,41.95911990063808,-1.7685144157478958,0.8487889904856364,48.63202685199675,GPS_GOOD,GPS_GOOD,unstructured_road,0.0,0,291,5,32.34124713738251
179,7.16,42.57819751689013,-1.790607710158523,0.8506930417538311,48.74112095364084,GPS_GOOD,GPS_GOOD,unstructured_road,0.0,0,297,5,32.422247130212966
180,7.2,42.55768557815348,-1.8134168604847918,0.851341301710149,48.77826351316519,GPS_GOOD,GPS_GOOD,unstructured_road,0.0,0,297,5,33.274130722791206
181,7.24,42.533722867678414,-1.8390563292358604,0.8530335059475609,48.875219674043045,GPS_GOOD,GPS_GOOD,unstructured_road,0.0,0,291,5,29.300062871114214
182,7.28,43.16360008030155,-1.8499569533257745,0.8546468554276186,48.967657790129984,GPS_GOOD,GPS_GOOD,unstructured_road,0.0,0,294,5,29.489587288195178
183,7.32,43.152900701376346,-1.861051837774659,0.8573365108544003,49.12176369442903,GPS_GOOD,GPS_GOOD,unstructured_road,0.0,0,296,5,22.281446223478287
184,7.36,43.770622845491786,-1.885201163242946,0.8590023192843613,49.21720748694311,GPS_GOOD,GPS_GOOD,unstructured_road,0.0,0,291,5,29.490416660807448
185,7.4,43.75920581476058,-1.8975109583339087,0.8608967984958364,49.32575315013591,GPS_GOOD,GPS_GOOD,unstructured_road,0.0,0,295,5,29.278791517165313
186,7.44,43.748237399964914,-1.9099010416702493,0.8616710410611159,49.370113981445805,GPS_GOOD,GPS_GOOD,unstructured_road,0.0,0,293,5,29.491868175138343
187,7.48,44.365589446115514,-1.935642326092309,0.8623254490601059,49.40760879786753,GPS_GOOD,GPS_GOOD,unstructured_road,0.0,0,290,5,27.084139427361134
188,7.52,44.35372163028867,-1.9491465290626369,0.8629844359105914,49.44536596315496,GPS_GOOD,GPS_GOOD,unstructured_road,0.0,0,291,5,27.390120941410025
189,7.56,44.98140494079272,-1.963363840284089,0.8633043702820377,49.46369685236001,GPS_GOOD,GPS_GOOD,unstructured_road,0.0,0,294,5,26.806488310559484
190,7.6,44.96976196721936,-1.9779649141202191,0.8614972568134053,49.36015687750613,GPS_GOOD,GPS_GOOD,unstructured_road,0.0,0,290,5,27.63865441006886
191,7.64,44.94392381521166,-2.0087475103976073,0.8609180145741299,49.32696874187994,GPS_GOOD,GPS_GOOD,unstructured_road,0.0,0,290,5,30.464148750726324
192,7.68,45.57272591288359,-2.022915704962399,0.8587576841328922,49.20319092524338,GPS_GOOD,GPS_GOOD,unstructured_road,0.0,0,297,6,32.23090223079465
193,7.72,45.560363068665296,-2.03770039378234,0.8579358195243555,49.15610155184306,GPS_GOOD,GPS_GOOD,unstructured_road,0.0,0,298,6,32.218028190651765
194,7.76,46.176401755403774,-2.066038919704274,0.8573588562660365,49.123043992207265,GPS_GOOD,GPS_GOOD,unstructured_road,0.0,0,277,6,31.07490331471246
195,7.8,46.164758372616596,-2.0799850219353395,0.8564228285876001,49.06941355672543,GPS_GOOD,GPS_GOOD,unstructured_road,0.0,0,295,6,35.804990481718924
196,7.84,46.15162418574202,-2.096096622590522,0.854821125196729,48.97764271239673,GPS_GOOD,GPS_GOOD,unstructured_road,0.0,0,298,6,34.147505882161376
197,7.88,46.76655105836698,-2.125717083139365,0.8541091121740049,48.93684737123628,GPS_GOOD,GPS_GOOD,unstructured_road,0.0,0,298,6,30.987661982652895
198,7.92,46.752034415205344,-2.1429743827119982,0.8531969577524537,48.8845847726172,GPS_GOOD,GPS_GOOD,unstructured_road,0.0,0,299,6,33.06689371900696
199,7.96,47.37704236143761,-2.160410007491115,0.8528067720096854,48.8622287763304,GPS_GOOD,GPS_GOOD,unstructured_road,0.0,0,297,6,33.523858241283946
200,8.0,47.36215832920365,-2.1775156614786,0.8527052916645061,48.8564143808481,GPS_GOOD,GPS_GOOD,unstructured_road,0.0,0,298,6,32.34723325492615
201,8.04,47.33004950042676,-2.2147576299055345,0.8523592300425117,48.836586510456364,GPS_GOOD,GPS_GOOD,unstructured_road,0.0,0,297,6,31.12702229346632
202,8.08,47.95467440373093,-2.2320870212004142,0.8527421720165586,48.85852746936766,GPS_GOOD,GPS_GOOD,unstructured_road,0.0,0,296,6,36.38520060724355
203,8.12,47.93803568492245,-2.251109229480953,0.8527740512960175,48.86035401753457,GPS_GOOD,GPS_GOOD,unstructured_road,0.0,0,299,6,33.417553700044614
204,8.16,48.54674041609752,-2.2861396804810337,0.8533592910307405,48.893885784337556,GPS_GOOD,GPS_GOOD,unstructured_road,0.0,0,279,6,31.410948850445592
205,8.2,48.52789324339724,-2.3070973652656708,0.8541481994153474,48.93908690519802,GPS_GOOD,GPS_GOOD,unstructured_road,0.0,0,296,6,29.283902003085966
206,8.24,48.50803956655045,-2.3291235943482915,0.8550387640669592,48.990112501118915,GPS_GOOD,GPS_GOOD,unstructured_road,0.0,0,296,6,27.911785452851532
207,8.28,49.10934703803784,-2.371800470432295,0.8561289494716472,49.052575523694294,GPS_GOOD,GPS_GOOD,unstructured_road,0.0,0,296,6,27.65049772562463
208,8.32,49.09027697877668,-2.3922182955383144,0.85805594458482,49.162984210821435,GPS_GOOD,GPS_GOOD,unstructured_road,0.0,0,300,6,22.21500489923466
209,8.36,49.711403667044856,-2.4124436670638687,0.8600607254925242,49.27784969568129,GPS_GOOD,GPS_GOOD,unstructured_road,0.0,0,299,6,27.100589269099554
210,8.4,49.69100661239309,-2.4345497185599205,0.8618752233039856,49.38181276221375,GPS_GOOD,GPS_GOOD,unstructured_road,0.0,0,299,6,23.136902726139386
211,8.44,49.65012467530188,-2.4800852678076453,0.8630688374738607,49.4502018165146,GPS_GOOD,GPS_GOOD,unstructured_road,0.0,0,286,6,27.712063850733056
212,8.48,50.26860102277059,-2.5037848843036503,0.8646262975233587,49.53943770411108,GPS_GOOD,GPS_GOOD,unstructured_road,0.0,0,293,6,31.32625792622357
213,8.52,50.24774522590462,-2.5276015730210797,0.8653128736786619,49.57877562012427,GPS_GOOD,GPS_GOOD,unstructured_road,0.0,0,295,6,32.340000308418276
214,8.56,50.84681186113747,-2.5737806050084195,0.8663534059706053,49.6383937288997,GPS_GOOD,GPS_GOOD,unstructured_road,0.0,0,266,6,34.53637007394233
215,8.6,50.823743698914384,-2.600301329863765,0.8669557059232923,49.6729029741896,GPS_GOOD,GPS_GOOD,unstructured_road,0.0,0,292,6,31.989749378403527
216,8.64,50.80379103108731,-2.6227408335173976,0.8681642362571352,49.74214666173233,GPS_GOOD,GPS_GOOD,unstructured_road,0.0,0,289,6,32.48854772619887
217,8.68,51.41368163567763,-2.657204647922088,0.868976560736828,49.78868942601389,GPS_GOOD,GPS_GOOD,unstructured_road,0.0,0,283,6,31.41541895424347
218,8.72,51.401520787210146,-2.671591283751012,0.8689729966909292,49.7884852212259,GPS_GOOD,GPS_GOOD,unstructured_road,0.0,0,290,6,30.304350967443607
219,8.76,52.028522149908554,-2.6863384984487175,0.8700591477199192,49.85071709110081,GPS_GOOD,GPS_GOOD,unstructured_road,0.0,0,295,6,30.18766238907162
220,8.8,52.01623907143327,-2.7005500461468923,0.8706908285133166,49.88690973456196,GPS_GOOD,GPS_GOOD,unstructured_road,0.0,0,297,6,32.53996601937982
221,8.84,51.99087012040781,-2.730421267311017,0.8708997164360978,49.89887813092857,GPS_GOOD,GPS_GOOD,unstructured_road,0.0,0,294,6,31.226671034410877
222,8.88,52.61933201721403,-2.744133462000155,0.8708792813747553,49.897707288159566,GPS_GOOD,GPS_GOOD,unstructured_road,0.0,0,286,6,32.34249406249036
223,8.92,52.60753368645387,-2.7579978283967717,0.8711501778544025,49.913228513128296,GPS_GOOD,GPS_GOOD,unstructured_road,0.0,0,295,6,30.38558057318381
224,8.96,53.22656782123703,-2.7828986204565704,0.8711591779443062,49.91374418029502,GPS_GOOD,GPS_GOOD,unstructured_road,0.0,0,289,6,31.30054253326468
225,9.0,53.21482543471714,-2.7967132558795678,0.8714146865398325,49.928383744447984,GPS_GOOD,GPS_GOOD,unstructured_road,0.0,0,297,6,30.38624097136192
226,9.04,53.204060356769126,-2.8095010509103706,0.8714329433762066,49.929429784119485,GPS_GOOD,GPS_GOOD,unstructured_road,0.0,0,293,6,32.33925225718405
227,9.08,53.82189057767151,-2.836104216427591,0.871190069838526,49.91551415545498,GPS_GOOD,GPS_GOOD,unstructured_road,0.0,0,280,6,27.826603861208785
228,9.12,53.80982103860822,-2.8509839847956906,0.8702368636828457,49.86089946572861,GPS_GOOD,GPS_GOOD,unstructured_road,0.0,0,297,6,27.09883833619765
229,9.16,54.438805967643844,-2.86464034928794,0.8690887681148205,49.79511843520309,GPS_GOOD,GPS_GOOD,unstructured_road,0.0,0,289,6,21.797424410930144
230,9.2,54.42764634893379,-2.8787096106660197,0.8674502447858846,49.701237963821335,GPS_GOOD,GPS_GOOD,unstructured_road,0.0,0,289,6,27.85321344613709
231,9.24,54.40321381042057,-2.9084749749779704,0.8666066851011373,49.65290555411792,GPS_GOOD,GPS_GOOD,unstructured_road,0.0,0,292,6,27.852103697407564
232,9.28,55.03001114493689,-2.9246218298383364,0.8656186997569962,49.596298163677865,GPS_GOOD,GPS_GOOD,unstructured_road,0.0,0,300,7,31.33398078560863
233,9.32,55.01667299713791,-2.9408760291672738,0.8646711688114702,49.54200863954118,GPS_GOOD,GPS_GOOD,unstructured_road,0.0,0,300,7,32.34423991918382
234,9.36,55.627775465836784,-2.975464213315568,0.8641382828830847,49.51147652488278,GPS_GOOD,GPS_GOOD,unstructured_road,0.0,0,298,7,31.903126188484066
235,9.4,55.611204891951175,-2.9957717625006555,0.8629673207981791,49.44438533944785,GPS_GOOD,GPS_GOOD,unstructured_road,0.0,0,300,7,30.383819651705252
236,9.44,55.59357572361701,-3.017264859963126,0.8618685290411914,49.38142920920869,GPS_GOOD,GPS_GOOD,unstructured_road,0.0,0,297,7,28.649226103468532
237,9.48,56.19625707436276,-3.061481412009638,0.8614512153818807,49.35751889779703,GPS_GOOD,GPS_GOOD,unstructured_road,0.0,0,298,7,26.379270440251574
238,9.52,56.17753578435446,-3.0836184143787184,0.8610642675921659,49.33534842255445,GPS_GOOD,GPS_GOOD,unstructured_road,0.0,0,300,7,33.39121573747522
239,9.56,56.79806677822977,-3.106640263987095,0.8606561530525295,49.311965181875365,GPS_GOOD,GPS_GOOD,unstructured_road,0.0,0,300,7,31.334683052556873
240,9.6,56.779051778681094,-3.129051861245981,0.8603114283179846,49.29221390949217,GPS_GOOD,GPS_GOOD,unstructured_road,0.0,0,290,7,29.4771522946096
241,9.64,56.73565558903285,-3.1801603465573707,0.8599685941307599,49.272570957491396,GPS_GOOD,GPS_GOOD,unstructured_road,0.0,0,288,7,29.488757962231254
242,9.68,57.358106315332385,-3.2012235407566214,0.8591167846173189,49.22376586742214,GPS_GOOD,GPS_GOOD,unstructured_road,0.0,0,298,7,29.49228291976346
243,9.72,57.33648296571678,-3.226921179276142,0.8584763345930095,49.18707078404016,GPS_GOOD,GPS_GOOD,unstructured_road,0.0,0,299,7,31.334683052556873
244,9.76,57.92809859868895,-3.2838373042557363,0.8580674827642089,49.163645299803676,GPS_GOOD,GPS_GOOD,unstructured_road,0.0,0,295,7,29.515319550194924
245,9.8,57.90886187069809,-3.3067138186470535,0.8573545888563043,49.12279948764016,GPS_GOOD,GPS_GOOD,unstructured_road,0.0,0,294,7,27.85358338203262
246,9.84,57.89179113376173,-3.327124209255243,0.8564645275881112,49.07180273346463,GPS_GOOD,GPS_GOOD,unstructured_road,0.0,0,298,7,25.064113826093713
247,9.88,58.49940778441054,-3.3646119665008896,0.8563666997644596,49.066197612050445,GPS_GOOD,GPS_GOOD,unstructured_road,0.0,0,282,7,30.353256189256275
248,9.92,58.48405079771442,-3.382870965133512,0.8555695264457868,49.02052294535005,GPS_GOOD,GPS_GOOD,unstructured_road,0.0,0,295,7,30.384479973341254
249,9.96,59.10847398383781,-3.40101061391195,0.855269836110524,49.00335195397864,GPS_GOOD,GPS_GOOD,unstructured_road,0.0,0,296,7,27.097962954588038
250,10.0,59.092182394570024,-3.4202866051104905,0.8545414065039734,48.96161601185091,GPS_GOOD,GPS_GOOD,unstructured_road,0.0,0,298,7,14.745104656640441
251,10.04,59.07153334851566,-3.446384753074638,0.8520730695163204,48.82019072004236,GPS_GOOD,GPS_GOOD,unstructured_road,0.0,0,274,7,20.463014099624335
252,10.08,59.700370535692144,-3.459714250500712,0.8509383691346596,48.755177177161315,GPS_GOOD,GPS_GOOD,unstructured_road,0.0,0,295,7,21.333333333333332
253,10.12,59.68909620047277,-3.4726650327594895,0.8507513963140164,48.744464423654804,GPS_GOOD,GPS_GOOD,unstructured_road,0.0,0,288,7,26.388232481471693
254,10.16,60.3090516100022,-3.495805468314965,0.8504244354933076,48.72573094856205,GPS_GOOD,GPS_GOOD,unstructured_road,0.0,0,269,8,7.265720031943292
255,10.2,60.29988824841559,-3.5062952821175477,0.8502999856968403,48.71860050046321,GPS_GOOD,GPS_GOOD,unstructured_road,0.0,0,293,8,20.889632640051
256,10.24,60.28978165468543,-3.5184486623298596,0.8488900100428369,48.637814846272626,GPS_GOOD,GPS_GOOD,unstructured_road,0.0,0,294,8,22.788318709081526
257,10.28,60.91013344940826,-3.5413641502774396,0.8481994769380253,48.598250213752856,GPS_GOOD,GPS_GOOD,unstructured_road,0.0,0,300,8,20.88838423076157
258,10.32,60.90067486354114,-3.552926497858896,0.8462549548553389,48.48683730524493,GPS_GOOD,GPS_GOOD,unstructured_road,0.0,0,300,8,12.692089352611161
259,10.36,61.53131263376268,-3.5641181698779327,0.8447856758727705,48.40265382061649,GPS_GOOD,GPS_GOOD,unstructured_road,0.0,0,299,8,3.986560353422785
260,10.4,61.52206988313937,-3.5751485671984993,0.8432823568704991,48.31651998652452,GPS_GOOD,GPS_GOOD,unstructured_road,0.0,0,297,8,4.915029125940544
261,10.44,61.505753473022025,-3.594026178820208,0.8425054353545915,48.27200566265011,GPS_GOOD,GPS_GOOD,unstructured_road,0.0,0,291,8,4.64203783307583
262,10.48,62.13515838194813,-3.605884552881084,0.842553028799955,48.27473256620192,GPS_GOOD,GPS_GOOD,unstructured_road,0.0,0,293,8,11.936559253008825
263,10.52,62.125487482192426,-3.616756830003485,0.8424867547829628,48.27093534473689,GPS_GOOD,GPS_GOOD,unstructured_road,0.0,0,297,8,16.17255645910691
264,10.56,62.747837225172965,-3.6365522234244834,0.8424796206052366,48.270526586462886,GPS_GOOD,GPS_GOOD,unstructured_road,0.0,0,290,8,15.192239986670627
265,10.6,62.73856330227059,-3.6470492322760717,0.8422321129748948,48.25634544384701,GPS_GOOD,GPS_GOOD,unstructured_road,0.0,0,297,8,5.076030865452574
266,10.64,62.72897092389157,-3.657924213707034,0.8419294817685777,48.23900595297609,GPS_GOOD,GPS_GOOD,unstructured_road,0.0,0,298,8,18.527796306194478
267,10.68,63.352928204759245,-3.6761959797811614,0.8414906983626375,48.21386551569534,GPS_GOOD,GPS_GOOD,unstructured_road,0.0,0,287,8,19.233221445734515
268,10.72,63.34412323747131,-3.686299552611679,0.8408339590770828,48.17623712639262,GPS_GOOD,GPS_GOOD,unstructured_road,0.0,0,296,8,8.626332470214162
269,10.76,63.97554613114875,-3.6958991277841973,0.8407941324262986,48.17395522739055,GPS_GOOD,GPS_GOOD,unstructured_road,0.0,0,297,8,18.522068986835887
270,10.8,63.96635767767561,-3.7066735453568334,0.8395371214142268,48.10193380159736,GPS_GOOD,GPS_GOOD,unstructured_road,0.0,0,297,8,18.350836972025096
271,10.84,63.95800527003375,-3.7159740579312355,0.8395625110452619,48.10338852029907,GPS_GOOD,GPS_GOOD,unstructured_road,0.0,0,289,8,17.859882049862676
272,10.88,64.59353417503121,-3.721179965468196,0.8384244029566803,48.03817973019364,GPS_GOOD,GPS_GOOD,unstructured_road,0.0,0,295,8,19.626239419023065
273,10.92,64.58978059504477,-3.725359878959263,0.8383896369807959,48.03618778650481,GPS_GOOD,GPS_GOOD,unstructured_road,0.0,0,296,8,14.929642839345336
274,10.96,65.2222096370317,-3.733802207478859,0.8383175133656452,48.032055407753454,GPS_GOOD,GPS_GOOD,unstructured_road,0.0,0,291,8,20.01786873353442
275,11.0,65.21823428304461,-3.738396194737762,0.837309771711701,47.97431606414291,GPS_GOOD,GPS_GOOD,unstructured_road,0.0,0,298,8,14.930918359355532
276,11.04,65.21424250348767,-3.7429027782779554,0.8368575981358605,47.948408426639915,GPS_GOOD,GPS_GOOD,unstructured_road,0.0,0,298,8,15.64245009994928
277,11.08,65.84732131462549,-3.750851266079565,0.835935605923604,47.89558216413369,GPS_GOOD,GPS_GOOD,unstructured_road,0.0,0,297,8,17.557763954354797
278,11.12,65.84501108930135,-3.7536013664473584,0.8340318778517678,47.78650658027689,GPS_GOOD,GPS_GOOD,unstructured_road,0.0,0,296,8,6.293869699029578
279,11.16,66.48245377517132,-3.7566008962509625,0.8324119203366822,47.69368985167199,GPS_GOOD,GPS_GOOD,unstructured_road,0.0,0,295,8,4.8804515661344015
280,11.2,66.48048944934945,-3.759505129767508,0.8248489379298997,47.26036287923166,GPS_GOOD,GPS_GOOD,unstructured_road,0.0,0,291,8,11.124412522942107
281,11.24,66.47681556144879,-3.7641065906212323,0.8210504119195947,47.04272337047052,GPS_GOOD,GPS_GOOD,unstructured_road,0.0,0,280,8,13.160541319033708
282,11.28,67.11544480067288,-3.7663802187193665,0.8101451422767882,46.417897445485565,GPS_GOOD,GPS_GOOD,unstructured_road,0.0,0,297,8,13.507181409488478
283,11.32,67.11342452599227,-3.7685027070993384,0.8101493081189557,46.41813613065988,GPS_GOOD,GPS_GOOD,unstructured_road,0.0,0,296,8,15.62269857528634
284,11.36,67.74944748849292,-3.7726816563666756,0.8101493081189557,46.41813613065988,GPS_GOOD,GPS_GOOD,unstructured_road,0.0,0,295,8,16.947709962219932
285,11.4,67.7475473945426,-3.7746780484537603,0.810151522688608,46.4182630161544,GPS_GOOD,GPS_GOOD,unstructured_road,0.0,0,298,8,18.196230868010968
286,11.44,67.74572863206564,-3.7766160713413477,0.8097840848791171,46.39721038043704,GPS_GOOD,GPS_GOOD,unstructured_road,0.0,0,297,8,17.382833934269964
287,11.48,68.38117313680424,-3.781401364634911,0.8097729992241366,46.396575219193515,GPS_GOOD,GPS_GOOD,unstructured_road,0.0,0,289,8,19.998207252996654
288,11.52,68.37912944913272,-3.783789003215086,0.8069788989618213,46.23648506662645,GPS_GOOD,GPS_GOOD,unstructured_road,0.0,0,296,8,19.077592049305224
289,11.56,69.0177339738612,-3.7857844603089332,0.79889762952471,45.77346243477191,GPS_GOOD,GPS_GOOD,unstructured_road,0.0,0,299,8,17.19787604813744
290,11.6,69.01646412466756,-3.7876280288661155,0.79001713305242,45.26464746692888,GPS_GOOD,GPS_GOOD,unstructured_road,0.0,0,295,8,22.28191969740435
291,11.64,69.01230104246845,-3.792393283015989,0.7867158658207136,45.075498787507264,GPS_GOOD,GPS_GOOD,unstructured_road,0.0,0,295,8,21.793007414489168
292,11.68,69.65039251084589,-3.7948015929632817,0.7807188608601607,44.73189571354857,GPS_GOOD,GPS_GOOD,unstructured_road,0.0,0,299,8,22.245167038806887
293,11.72,69.64743723186487,-3.7982667967598465,0.7763012551106913,44.47878554855124,GPS_GOOD,GPS_GOOD,unstructured_road,0.0,0,299,8,25.710632298403162
294,11.76,70.2830397120165,-3.8030892231209403,0.773398624602819,44.31247707096425,GPS_GOOD,GPS_GOOD,unstructured_road,0.0,0,298,9,25.065312098485077
295,11.8,70.28069716697402,-3.805887633170412,0.7681122334625441,44.00958916977114,GPS_GOOD,GPS_GOOD,unstructured_road,0.0,0,300,9,25.691261683960356
296,11.84,70.27891412358828,-3.808206246515592,0.7603687908790793,43.56592259083673,GPS_GOOD,GPS_GOOD,unstructured_road,0.0,0,298,9,26.679286568455336
297,11.88,70.9152502421981,-3.8121303565767253,0.7572471766739304,43.38706727161361,GPS_GOOD,GPS_GOOD,unstructured_road,0.0,0,295,9,30.313549767280506
298,11.92,70.91350888152645,-3.8142488068239153,0.7506398968619705,43.00849802432632,GPS_GOOD,GPS_GOOD,unstructured_road,0.0,0,299,9,25.598593827243377
299,11.96,71.55174691164233,-3.8161702323466526,0.7465334834696632,42.77321786801111,GPS_GOOD,GPS_GOOD,unstructured_road,0.0,0,299,9,23.708554018687362
300,12.0,71.54983935258885,-3.8183189606262076,0.7413624083910321,42.47693709046027,GPS_GOOD,GPS_GOOD,unstructured_road,0.0,0,298,9,29.629998021984232
301,12.04,71.54610457116178,-3.8217619203258515,0.7411833742624047,42.46667919050111,GPS_GOOD,GPS_GOOD,unstructured_road,0.0,0,296,9,27.684626707061906
302,12.08,72.18401610011693,-3.8238905326711308,0.7383553156257809,42.30464336640705,GPS_GOOD,GPS_GOOD,unstructured_road,0.0,0,300,9,16.10981844160134
303,12.12,72.18190726675058,-3.8256188990413396,0.7410809145854822,42.46080868344318,GPS_GOOD,GPS_GOOD,unstructured_road,0.0,0,300,9,19.282205937790202
304,12.16,72.8173965982229,-3.8300277939741143,0.7393489391739257,42.36157380214056,GPS_GOOD,GPS_GOOD,unstructured_road,0.0,0,296,9,15.66693187208881
305,12.2,72.81478035371082,-3.832607996342464,0.7372903384006004,42.24362466612666,GPS_GOOD,GPS_GOOD,unstructured_road,0.0,0,300,9,14.88524217818409
306,12.24,72.81233593732885,-3.834982154751308,0.7355256960925934,42.14251810952763,GPS_GOOD,GPS_GOOD,unstructured_road,0.0,0,298,9,13.422588893404718
307,12.28,73.44640262665614,-3.8408130201880737,0.7333591428430751,42.01838375223988,GPS_GOOD,GPS_GOOD,unstructured_road,0.0,0,296,9,1.7032907189566902
308,12.32,73.44410053320571,-3.842947580839616,0.7326067278610344,41.97527354932653,GPS_GOOD,GPS_GOOD,unstructured_road,0.0,0,298,9,14.924011898492763
309,12.36,74.08148206217903,-3.845897199329958,0.7267017943583689,41.636945781318396,GPS_GOOD,GPS_GOOD,unstructured_road,0.0,0,300,9,19.61907880273356
310,12.4,74.07935873060508,-3.847969021012929,0.7242587124048936,41.49696749637968,GPS_GOOD,GPS_GOOD,unstructured_road,0.0,0,300,9,22.540084478885653
311,12.44,74.07290895312492,-3.853816209230372,0.7236178948934485,41.4602513575358,GPS_GOOD,GPS_GOOD,unstructured_road,0.0,0,298,9,19.282028649712217
312,12.48,74.70917776074886,-3.8572531847448017,0.7225253436184512,41.39765278057682,GPS_GOOD,GPS_GOOD,unstructured_road,0.0,0,299,9,18.194336479733483
313,12.52,74.70548211606123,-3.861029004910982,0.7186514857555564,41.17569707459938,GPS_GOOD,GPS_GOOD,unstructured_road,0.0,0,300,9,18.87073538343869
314,12.56,75.33660143199596,-3.869306936689597,0.7169866000003187,41.08030614745281,GPS_GOOD,GPS_GOOD,unstructured_road,0.0,0,300,9,16.441287611521396
315,12.6,75.33285242879782,-3.8729896171841176,0.713855679843939,40.90091763649982,GPS_GOOD,GPS_GOOD,unstructured_road,0.0,0,300,9,18.230476678938242
316,12.64,75.32914090516712,-3.876314137917934,0.71298226180283,40.85087446899368,GPS_GOOD,GPS_GOOD,unstructured_road,0.0,0,300,9,20.053855569155445
317,12.68,75.96153776668072,-3.8830068313062114,0.7125182771463318,40.82429010641751,GPS_GOOD,GPS_GOOD,unstructured_road,0.0,0,296,9,21.79765097183245
318,12.72,75.95753156348856,-3.8866321432932884,0.7113071735595404,40.75489898234121,GPS_GOOD,GPS_GOOD,unstructured_road,0.0,0,299,9,30.384259862940265
319,12.76,76.59426145669876,-3.890059582317292,0.7061714993771742,40.46064652673732,GPS_GOOD,GPS_GOOD,unstructured_road,0.0,0,300,9,30.38403975572829
320,12.8,76.59055073535963,-3.893924456610596,0.7009308424777252,40.16037900452278,GPS_GOOD,GPS_GOOD,unstructured_road,0.0,0,296,9,24.155728074823195
321,12.84,76.58249389840915,-3.901331057355543,0.6986970442627749,40.03239179452227,GPS_GOOD,GPS_GOOD,unstructured_road,0.0,0,296,9,27.852103697407564
322,12.88,77.21783528820582,-3.9052560967422107,0.6986208965950573,40.02802885454229,GPS_GOOD,GPS_GOOD,unstructured_road,0.0,0,299,9,25.377420935762387
323,12.92,77.21298758393458,-3.9093345101011954,0.6985785051490199,40.025600003596885,GPS_GOOD,GPS_GOOD,unstructured_road,0.0,0,300,9,27.85117897434876
324,12.96,77.84243526485699,-3.9183157236169297,0.6982331757444099,40.00581408617097,GPS_GOOD,GPS_GOOD,unstructured_road,0.0,0,296,9,27.852103697407564
325,13.0,77.8364796403626,-3.9237101800647087,0.6962456257854133,39.891935861949065,GPS_GOOD,GPS_GOOD,unstructured_road,0.0,0,300,9,25.0671097219151
326,13.04,77.82939215613517,-3.9300232937615256,0.6945913908930106,39.797155184291114,GPS_GOOD,GPS_GOOD,unstructured_road,0.0,0,300,9,24.455299721880486
327,13.08,78.45836995041071,-3.939739743372498,0.693121531784111,39.7129384608723,GPS_GOOD,GPS_GOOD,unstructured_road,0.0,0,300,9,25.708898777781865
328,13.12,78.4515922110207,-3.9456361505936774,0.6919188686716895,39.64403094035448,GPS_GOOD,GPS_GOOD,unstructured_road,0.0,0,300,9,23.318270770325565
329,13.16,79.08457548775503,-3.9516746015399598,0.6909354289515525,39.587683994985106,GPS_GOOD,GPS_GOOD,unstructured_road,0.0,0,300,9,21.333224826940782
330,13.2,79.07745302403477,-3.9578820534438517,0.6895708624492466,39.50950009353805,GPS_GOOD,GPS_GOOD,unstructured_road,0.0,0,299,9,20.889216487041057
331,13.24,79.06395025253268,-3.9691456058482335,0.6892730413408419,39.492436200976556,GPS_GOOD,GPS_GOOD,unstructured_road,0.0,0,296,9,26.385410441423478
332,13.28,79.69569655758667,-3.97620456451086,0.6883119833686318,39.43737163530151,GPS_GOOD,GPS_GOOD,unstructured_road,0.0,0,300,9,20.88952860024404
333,13.32,79.68785792228195,-3.982865679422307,0.6874670201377221,39.38895880832665,GPS_GOOD,GPS_GOOD,unstructured_road,0.0,0,300,9,20.888592288614202
334,13.36,80.30986737519108,-3.9983475187752027,0.6862500508298731,39.31923160318995,GPS_GOOD,GPS_GOOD,unstructured_road,0.0,0,299,10,25.0671097219151
335,13.4,80.3003990164383,-4.006577779719073,0.6847075558242469,39.230853149447555,GPS_GOOD,GPS_GOOD,unstructured_road,0.0,0,299,10,30.384259862940265
336,13.44,80.29131699136667,-4.014697312148387,0.6823499198111144,39.09577055626701,GPS_GOOD,GPS_GOOD,unstructured_road,0.0,0,300,10,31.33327855013783
337,13.48,80.91300609679807,-4.030104890905372,0.6814469982142958,39.0440369595381,GPS_GOOD,GPS_GOOD,unstructured_road,0.0,0,297,10,31.335853567426224
338,13.52,80.90441585459077,-4.037588112515866,0.6795950406379104,38.937927606573936,GPS_GOOD,GPS_GOOD,unstructured_road,0.0,0,299,10,31.218071526924938
339,13.56,81.5347945643424,-4.045900860985877,0.6778598815864059,38.8385103161388,GPS_GOOD,GPS_GOOD,unstructured_road,0.0,0,298,10,28.528604757143537
340,13.6,81.52600215948056,-4.055170934596726,0.6708084352883633,38.43449220379782,GPS_GOOD,GPS_GOOD,unstructured_road,0.0,0,298,10,28.490235635345982
341,13.64,81.50787448736004,-4.070301203666996,0.6695080862317939,38.35998769096257,GPS_GOOD,GPS_GOOD,unstructured_road,0.0,0,296,10,29.31870067594489
342,13.68,82.13941558628233,-4.077856824073721,0.6663740877993805,38.180422807784666,GPS_GOOD,GPS_GOOD,unstructured_road,0.0,0,297,10,30.230089516094157
343,13.72,82.13250865657812,-4.086161855045864,0.6552859499186706,37.545119304560856,GPS_GOOD,GPS_GOOD,unstructured_road,0.0,0,298,10,29.699233852123548
344,13.76,82.7568527989599,-4.098658268416354,0.6543200101967032,37.48977503522808,GPS_GOOD,GPS_GOOD,unstructured_road,0.0,0,286,10,29.557334536024353
345,13.8,82.7525474038073,-4.109018059402377,0.6268144604718846,35.91382312280876,GPS_GOOD,GPS_GOOD,unstructured_road,0.0,0,298,10,33.415956277187334
346,13.84,82.74679726732438,-4.1189874594767435,0.6046664626351671,34.64483632209996,GPS_GOOD,GPS_GOOD,unstructured_road,0.0,0,295,10,29.458105659423243
347,13.88,83.3741559316548,-4.1394594206286275,0.5829324875992101,33.399571280496936,GPS_GOOD,GPS_GOOD,unstructured_road,0.0,0,290,10,29.34865267680337
348,13.92,83.36709118088613,-4.148748839660284,0.5651605685147667,32.38131532311033,GPS_GOOD,GPS_GOOD,unstructured_road,0.0,0,298,10,26.269237032304936
349,13.96,84.00055530957526,-4.160826949162321,0.5383381864828627,30.844506036194694,GPS_GOOD,GPS_GOOD,unstructured_road,0.0,0,298,10,28.557935589296658
350,14.0,83.99323022733437,-4.1753767854559705,0.5085457579262888,29.13752561845798,GPS_GOOD,GPS_GOOD,unstructured_road,0.0,0,298,10,28.49817228118333
351,14.04,83.9737848488494,-4.1993319569117835,0.48852513786810575,27.99042858588913,GPS_GOOD,GPS_GOOD,unstructured_road,0.0,0,300,10,31.08711023487819
352,14.08,84.60459493477336,-4.2119600042265555,0.46467406347820756,26.6238626864954,GPS_GOOD,GPS_GOOD,unstructured_road,0.0,0,298,10,29.402555888146594
353,14.12,84.59488359165648,-4.226051161503763,0.4382164294005126,25.107951917941975,GPS_GOOD,GPS_GOOD,unstructured_road,0.0,0,299,10,29.51573495468108
354,14.16,85.21576625268297,-4.254749438699977,0.4095356118900616,23.464662121608225,GPS_GOOD,GPS_GOOD,unstructured_road,0.0,0,298,10,32.33675900298365
355,14.2,85.20665637628672,-4.272890939298272,0.3729098634398577,21.366161313903728,GPS_GOOD,GPS_GOOD,unstructured_road,0.0,0,300,10,33.09481126120439
356,14.24,85.19775252325012,-4.292642173640389,0.33215367401697693,19.031003670936933,GPS_GOOD,GPS_GOOD,unstructured_road,0.0,0,295,10,32.70641994369975
357,14.28,85.81789013984651,-4.3225337434550335,0.297829745402705,17.06438742503083,GPS_GOOD,GPS_GOOD,unstructured_road,0.0,0,287,10,32.245769683177905
358,14.32,85.80724709586165,-4.33959319772804,0.2601890392474506,14.907733824442653,GPS_GOOD,GPS_GOOD,unstructured_road,0.0,0,298,10,30.566050385873883
359,14.36,86.43613366542989,-4.355954449559628,0.22261316840342837,12.754795013551497,GPS_GOOD,GPS_GOOD,unstructured_road,0.0,0,296,10,34.54120514868771
360,14.4,86.42422507967268,-4.372655822672942,0.18425709329176565,10.557153790966444,GPS_GOOD,GPS_GOOD,unstructured_road,0.0,0,297,10,31.334214871093778
361,14.44,86.40114489470442,-4.41478272238545,0.1376607453257675,7.887379711791753,GPS_GOOD,GPS_GOOD,unstructured_road,0.0,0,300,10,31.305214918533224
362,14.48,87.02805473899457,-4.435474464351407,0.09192019475145256,5.266639211278813,GPS_GOOD,GPS_GOOD,unstructured_road,0.0,0,299,10,31.10924531800482
363,14.52,87.0134506103712,-4.455706615420546,0.04699122789452738,2.6923990324938445,GPS_GOOD,GPS_GOOD,unstructured_road,0.0,0,298,10,29.219843531206678
364,14.56,87.62050078455464,-4.500927538492398,-6.742257634113208e-05,-0.0038630290682454644,GPS_GOOD,GPS_GOOD,unstructured_road,0.0,0,293,10,31.507928995860848
365,14.6,87.60310588769507,-4.5198102005440495,-0.04356496141172662,-2.496088423542228,GPS_GOOD,GPS_GOOD,unstructured_road,0.0,0,300,10,26.141204627044274
366,14.64,87.58450744883473,-4.536042452881806,-0.08362461348584659,-4.791337416151796,GPS_GOOD,GPS_GOOD,unstructured_road,0.0,0,299,10,19.649961817934795
367,14.68,88.18489467431486,-4.572146984995454,-0.12692579617018174,-7.272312431889161,GPS_GOOD,GPS_GOOD,unstructured_road,0.0,0,296,10,25.663909148759117
368,14.72,88.16367558777696,-4.589739552536863,-0.17003924659965383,-9.742531181744399,GPS_GOOD,GPS_GOOD,unstructured_road,0.0,0,298,10,26.322982301995733
369,14.76,88.78144763526736,-4.607082638053832,-0.21386099766075808,-12.25333256841861,GPS_GOOD,GPS_GOOD,unstructured_road,0.0,0,299,10,28.410726744382956
370,14.8,88.75912311327365,-4.623966258857945,-0.2591962659847465,-14.850852106476275,GPS_GOOD,GPS_GOOD,unstructured_road,0.0,0,299,10,32.03030210465223
371,14.84,88.70863038456908,-4.656681024373029,-0.30309632603766595,-17.36614026787942,GPS_GOOD,GPS_GOOD,unstructured_road,0.0,0,293,10,33.11859133799202
372,14.88,89.32389707470092,-4.66746750305457,-0.34069320397020963,-19.520282696282713,GPS_GOOD,GPS_GOOD,unstructured_road,0.0,0,299,10,28.58947024020503
373,14.92,89.29674215322468,-4.677894883999,-0.3779209592206567,-21.653275952879323,GPS_GOOD,GPS_GOOD,unstructured_road,0.0,0,297,10,29.46824699823653
374,14.96,14.605959062710042,-16.384272262468233,-0.4013548631007734,-22.995939742725252,GPS_DEGRADED,GPS_DEGRADED,unstructured_road,0.0,0,296,10,29.640258079105628
375,15.0,14.529136363237154,-16.382105655476966,-0.42099484437226914,-24.12122777929794,GPS_DEGRADED,GPS_DEGRADED,unstructured_road,0.0,0,297,10,34.2685894031619
376,15.04,14.450291399605781,-16.373052415834472,-0.43713548677263664,-25.046018467468905,GPS_DEGRADED,GPS_DEGRADED,unstructured_road,0.0,0,299,10,34.45494648123352
377,15.08,14.53030197089695,-16.35449696235068,-0.4540655974182579,-26.016042354152507,GPS_DEGRADED,GPS_DEGRADED,unstructured_road,0.0,0,294,10,34.418755795537535
378,15.12,14.455612678206528,-16.334952638355578,-0.4644934499703102,-26.61351429476983,GPS_DEGRADED,GPS_DEGRADED,unstructured_road,0.0,0,282,10,32.38619709827116
379,15.16,14.617505494460104,-16.317764601609245,-0.47754022496526843,-27.36103943823775,GPS_DEGRADED,GPS_DEGRADED,unstructured_road,0.0,0,295,10,34.53409521300245
380,15.2,14.528882287596097,-16.29640816100766,-0.49022804647413837,-28.087998061911307,GPS_DEGRADED,GPS_DEGRADED,unstructured_road,0.0,0,297,10,32.35247292585851
381,15.24,14.383185504894556,-16.2422561942211,-0.49730041134483743,-28.493214720178948,GPS_DEGRADED,GPS_DEGRADED,unstructured_road,0.0,0,283,10,29.490209313280882
382,15.28,14.544242502377966,-16.217162330529632,-0.5072755647781825,-29.064748911905053,GPS_DEGRADED,GPS_DEGRADED,unstructured_road,0.0,0,298,10,32.37969660709461
383,15.32,14.463899571199157,-16.18401001980444,-0.513376857692409,-29.41432724546331,GPS_DEGRADED,GPS_DEGRADED,unstructured_road,0.0,0,297,10,33.38696299362398
384,15.36,14.562283704774167,-16.108509138137126,-0.5146174455301044,-29.48540769267851,GPS_DEGRADED,GPS_DEGRADED,unstructured_road,0.0,0,292,10,31.333746703620974
385,15.4,14.48844839523882,-16.068429224775404,-0.5155278045257469,-29.537567420970596,GPS_DEGRADED,GPS_DEGRADED,unstructured_road,0.0,0,297,10,33.41515762302722
386,15.44,14.41720759525511,-16.02920906511496,-0.5161740247219084,-29.57459311084677,GPS_DEGRADED,GPS_DEGRADED,unstructured_road,0.0,0,298,10,31.335151248010877
387,15.48,14.523487697460109,-15.954566323069532,-0.5165453590612503,-29.59586900127934,GPS_DEGRADED,GPS_DEGRADED,unstructured_road,0.0,0,294,10,31.33234228513801
388,15.52,14.454006505555583,-15.916540776227377,-0.5173766309366182,-29.643497371365847,GPS_DEGRADED,GPS_DEGRADED,unstructured_road,0.0,0,294,10,30.386901398246756
389,15.56,14.62859738701967,-15.88088105935425,-0.5183367276764558,-29.698506862482805,GPS_DEGRADED,GPS_DEGRADED,unstructured_road,0.0,0,297,10,27.463652911826717
390,15.6,14.568165054443547,-15.847956994029786,-0.519362403134244,-29.75727373736422,GPS_DEGRADED,GPS_DEGRADED,unstructured_road,0.0,0,299,10,25.710317095447383
391,15.64,14.490605848880687,-15.804548393487797,-0.5198421465136663,-29.784761008254463,GPS_DEGRADED,GPS_DEGRADED,unstructured_road,0.0,0,290,10,27.85228864938808
392,15.68,14.677172197044477,-15.774662342371656,-0.5203620505896391,-29.814549317559354,GPS_DEGRADED,GPS_DEGRADED,unstructured_road,0.0,0,300,10,30.385140323678986
393,15.72,14.657358935508228,-15.763516202608976,-0.5207792792385305,-29.838454758232775,GPS_DEGRADED,GPS_DEGRADED,unstructured_road,0.0,0,297,10,33.37314905433684
394,15.76,14.852974136397169,-15.740891027052658,-0.5233772633022821,-29.987308280327987,GPS_DEGRADED,GPS_DEGRADED,unstructured_road,0.0,0,291,10,33.384571301219395
395,15.8,14.829286060800609,-15.729100977224267,-0.5266169797285485,-30.172930358372255,GPS_DEGRADED,GPS_DEGRADED,unstructured_road,0.0,0,299,10,32.345237636208
396,15.84,14.804915283687365,-15.7172222012925,-0.5304635513374171,-30.393322677155275,GPS_DEGRADED,GPS_DEGRADED,unstructured_road,0.0,0,298,10,31.36749055827693
397,15.88,15.014933729609666,-15.69963494242858,-0.5304610930212427,-30.393181826013773,GPS_DEGRADED,GPS_DEGRADED,unstructured_road,0.0,0,293,11,29.49145344217802
398,15.92,14.996819637283465,-15.689890784836084,-0.532404777221608,-30.504546727400964,GPS_DEGRADED,GPS_DEGRADED,unstructured_road,0.0,0,299,11,30.384479973341254
399,15.96,15.218116617632038,-15.679697698014987,-0.5341632442141634,-30.60529946448745,GPS_DEGRADED,GPS_DEGRADED,unstructured_road,0.0,0,300,11,27.852473603824954
400,16.0,15.200847905021227,-15.669887940597127,-0.5350872520140552,-30.65824121165842,GPS_DEGRADED,GPS_DEGRADED,unstructured_road,0.0,0,300,11,28.647856347628903
401,16.04,15.166452208413002,-15.650092732297763,-0.5357644467478582,-30.697041611813816,GPS_DEGRADED,GPS_DEGRADED,unstructured_road,0.0,0,291,11,32.34423991918382
402,16.08,15.389082146886864,-15.640992578101137,-0.5385634526824685,-30.857412838699062,GPS_DEGRADED,GPS_DEGRADED,unstructured_road,0.0,0,299,11,34.53580133061063
403,16.12,15.371287595799036,-15.632358144175058,-0.5431319916315395,-31.119170839021958,GPS_DEGRADED,GPS_DEGRADED,unstructured_road,0.0,0,299,11,33.42501035988652
404,16.16,15.578590756283685,-15.615039225420528,-0.5460805131848266,-31.28810867982867,GPS_DEGRADED,GPS_DEGRADED,unstructured_road,0.0,0,296,11,34.61989385322691
405,16.2,15.563868876871666,-15.608562923450686,-0.553009410204685,-31.68510523574733,GPS_DEGRADED,GPS_DEGRADED,unstructured_road,0.0,0,297,11,37.135151885397576
406,16.24,15.547095644555302,-15.599752268959207,-0.556659011191513,-31.89421196919935,GPS_DEGRADED,GPS_DEGRADED,unstructured_road,0.0,0,297,11,34.53210495550012
407,16.28,15.760161388970385,-15.584304681877898,-0.558550097606425,-32.00256323946834,GPS_DEGRADED,GPS_DEGRADED,unstructured_road,0.0,0,297,11,33.4519352703317
408,16.32,15.74415653097972,-15.57596087196933,-0.5626545499374384,-32.23773103524803,GPS_DEGRADED,GPS_DEGRADED,unstructured_road,0.0,0,298,11,33.420749003984064
409,16.36,15.970247401364109,-15.569427700315318,-0.5691564580532942,-32.61026292906843,GPS_DEGRADED,GPS_DEGRADED,unstructured_road,0.0,0,297,11,31.320643691894112
410,16.4,15.954626913090685,-15.561036336034633,-0.573166547466547,-32.840024127917914,GPS_DEGRADED,GPS_DEGRADED,unstructured_road,0.0,0,296,11,32.34448934266942
411,16.44,15.92866268572848,-15.546340757982179,-0.5762258845251215,-33.015311229482194,GPS_DEGRADED,GPS_DEGRADED,unstructured_road,0.0,0,298,11,33.42607586866433
412,16.48,16.15288295936199,-15.537615072485202,-0.5799683452810616,-33.2297384357909,GPS_DEGRADED,GPS_DEGRADED,unstructured_road,0.0,0,299,11,35.8120218579235
413,16.52,16.133488782317155,-15.526462322032776,-0.5830257923144359,-33.40491724688804,GPS_DEGRADED,GPS_DEGRADED,unstructured_road,0.0,0,300,11,34.57337861452735
414,16.56,16.341717355628635,-15.507012388750574,-0.5847992759933892,-33.506530376727405,GPS_DEGRADED,GPS_DEGRADED,unstructured_road,0.0,0,293,11,37.13646706745881
415,16.6,16.325630651921397,-15.49861542435557,-0.5902582956880119,-33.81930916550808,GPS_DEGRADED,GPS_DEGRADED,unstructured_road,0.0,0,299,11,31.924980971228496
416,16.64,16.311855324683542,-15.491571762528812,-0.5964473594908715,-34.17391640054912,GPS_DEGRADED,GPS_DEGRADED,unstructured_road,0.0,0,300,11,32.34374108375296
417,16.68,16.527776839035795,-15.477437778222264,-0.5999023178624271,-34.37187093363265,GPS_DEGRADED,GPS_DEGRADED,unstructured_road,0.0,0,299,11,31.332810410643717
418,16.72,16.514703444004923,-15.470055692156691,-0.6044217861406433,-34.6308173916177,GPS_DEGRADED,GPS_DEGRADED,unstructured_road,0.0,0,299,11,30.38624097136192
419,16.76,16.741844558338798,-15.462419866761895,-0.6080302593958968,-34.83756767962956,GPS_DEGRADED,GPS_DEGRADED,unstructured_road,0.0,0,298,11,32.34623541478688
420,16.8,16.729732370263307,-15.455343033971015,-0.6122015481695389,-35.07656492148955,GPS_DEGRADED,GPS_DEGRADED,unstructured_road,0.0,0,299,11,37.092787152003964
421,16.84,16.702686442255786,-15.4393145251608,-0.6162652910223307,-35.30940023598097,GPS_DEGRADED,GPS_DEGRADED,unstructured_road,0.0,0,294,11,35.80651880687736
422,16.88,16.927918570282717,-15.431961629111054,-0.6243863737870774,-35.77470400347739,GPS_DEGRADED,GPS_DEGRADED,unstructured_road,0.0,0,299,11,32.316328810607985
423,16.92,16.915796055142437,-15.426262266688626,-0.6341182267029688,-36.33229810240005,GPS_DEGRADED,GPS_DEGRADED,unstructured_road,0.0,0,297,11,37.09049105524261
424,16.96,17.132561531370786,-15.41056827681497,-0.6362262615285296,-36.45307960097128,GPS_DEGRADED,GPS_DEGRADED,unstructured_road,0.0,0,296,11,37.85438759577982
425,17.0,17.116951959333434,-15.400641377990848,-0.6398995193839463,-36.66354177314994,GPS_DEGRADED,GPS_DEGRADED,unstructured_road,0.0,0,298,11,35.76926488146
426,17.04,17.099940883716233,-15.38902496454292,-0.6420448107991037,-36.786457917064105,GPS_DEGRADED,GPS_DEGRADED,unstructured_road,0.0,0,300,11,32.86428207639569
427,17.08,17.30587747791569,-15.365353007586052,-0.6438724006225891,-36.89117110063088,GPS_DEGRADED,GPS_DEGRADED,unstructured_road,0.0,0,297,11,30.378538111655125
428,17.12,17.287653745278305,-15.353867785919032,-0.6481628182391478,-37.136993922408266,GPS_DEGRADED,GPS_DEGRADED,unstructured_road,0.0,0,300,11,30.368860055607044
429,17.16,17.508907926797765,-15.341862982570365,-0.6522979038360432,-37.37391687503571,GPS_DEGRADED,GPS_DEGRADED,unstructured_road,0.0,0,300,11,28.646878030789406
430,17.2,17.49137637014585,-15.33020380417356,-0.6557411995047083,-37.571203184465894,GPS_DEGRADED,GPS_DEGRADED,unstructured_road,0.0,0,300,11,25.065162308170386
431,17.24,17.460428485606233,-15.308324096781083,-0.657864479057698,-37.692858141578625,GPS_DEGRADED,GPS_DEGRADED,unstructured_road,0.0,0,296,11,26.38939467342817
432,17.28,17.684916172972013,-15.29817646374365,-0.6619995285564592,-37.92977902593533,GPS_DEGRADED,GPS_DEGRADED,unstructured_road,0.0,0,298,11,28.61716905694363
433,17.32,17.668424888117332,-15.288507745522578,-0.6689321588715758,-38.32698948391596,GPS_DEGRADED,GPS_DEGRADED,unstructured_road,0.0,0,300,11,26.364181506181996
434,17.36,17.877913457748658,-15.267766791160627,-0.6727168073284053,-38.543833867432994,GPS_DEGRADED,GPS_DEGRADED,unstructured_road,0.0,0,298,11,34.53608569993495
435,17.4,17.863215084420936,-15.258836045299539,-0.6793866545290033,-38.9259879620244,GPS_DEGRADED,GPS_DEGRADED,unstructured_road,0.0,0,298,11,34.57252367724759
436,17.44,17.84750774883052,-15.2473563450976,-0.681926384359947,-39.071503762440955,GPS_DEGRADED,GPS_DEGRADED,unstructured_road,0.0,0,299,11,34.57708383139741
437,17.48,18.0602418559895,-15.226021925305227,-0.6828723633662871,-39.12570436701222,GPS_DEGRADED,GPS_DEGRADED,unstructured_road,0.0,0,298,11,34.54006736224914
438,17.52,18.048140331477075,-15.216933794539264,-0.6849111840239035,-39.24252018587773,GPS_DEGRADED,GPS_DEGRADED,unstructured_road,0.0,0,299,11,32.30935855858632
439,17.56,18.273015233354702,-15.20777736519431,-0.6923083053252619,-39.66634401699188,GPS_DEGRADED,GPS_DEGRADED,unstructured_road,0.0,0,300,11,33.384571301219395
440,17.6,18.25688957338451,-15.19771478600532,-0.6993830918579595,-40.07169942627145,GPS_DEGRADED,GPS_DEGRADED,unstructured_road,0.0,0,300,11,31.320175929867005
441,17.64,18.22423500219785,-15.173512132120694,-0.7026228752413854,-40.25732534067837,GPS_DEGRADED,GPS_DEGRADED,unstructured_road,0.0,0,295,11,34.57394859620489
442,17.68,18.43976117656827,-15.16089525265154,-0.7145508862480991,-40.940750029348656,GPS_DEGRADED,GPS_DEGRADED,unstructured_road,0.0,0,300,11,32.34349167180753
443,17.72,18.416470745609107,-15.141895050069865,-0.7161431573748943,-41.03198044475456,GPS_DEGRADED,GPS_DEGRADED,unstructured_road,0.0,0,299,11,31.302411319994327
444,17.76,18.606485790018592,-15.098674577101736,-0.7163112641750488,-41.04161225491086,GPS_DEGRADED,GPS_DEGRADED,unstructured_road,0.0,0,293,11,33.39573546506999
445,17.8,18.577425552660184,-15.083652025735802,-0.7289007138412289,-41.762934587175366,GPS_DEGRADED,GPS_DEGRADED,unstructured_road,0.0,0,299,11,30.382499094530967
446,17.84,18.546610853652016,-15.066200499996544,-0.7401428585600706,-42.407062032240276,GPS_DEGRADED,GPS_DEGRADED,unstructured_road,0.0,0,299,11,29.491246080072
447,17.88,18.73931707717644,-15.027697176009525,-0.7431346858055937,-42.578481106441004,GPS_DEGRADED,GPS_DEGRADED,unstructured_road,0.0,0,293,11,29.080864458604026
448,17.92,18.701627538026997,-15.01958562734109,-0.7710898490685096,-44.18019397700525,GPS_DEGRADED,GPS_DEGRADED,unstructured_road,0.0,0,292,11,29.488550638028613
449,17.96,18.916410975139932,-14.998452903201308,-0.7749622070201774,-44.40206374439974,GPS_DEGRADED,GPS_DEGRADED,unstructured_road,0.0,0,289,11,25.066810100104586
450,18.0,18.874148459684818,-14.988035654429586,-0.8030301361920851,-46.010237625622175,GPS_DEGRADED,GPS_DEGRADED,unstructured_road,0.0,0,299,11,25.065761480171158
451,18.04,18.811746510554617,-14.952189613193434,-0.8178521589687486,-46.85947697457178,GPS_DEGRADED,GPS_DEGRADED,unstructured_road,0.0,0,295,11,27.09726269001919
452,18.08,19.024547086672072,-14.926693352695999,-0.8212607632186206,-47.0547756121198,GPS_DEGRADED,GPS_DEGRADED,unstructured_road,0.0,0,299,11,23.872099442797058
453,18.12,18.996701916038727,-14.900660398780376,-0.8249178898773014,-47.26431353480699,GPS_DEGRADED,GPS_DEGRADED,unstructured_road,0.0,0,299,11,25.70952912186929
454,18.16,19.192130537962267,-14.854702767014492,-0.8261920011161539,-47.33731473142342,GPS_DEGRADED,GPS_DEGRADED,unstructured_road,0.0,0,296,11,27.854693248681745
455,18.2,19.168985715489473,-14.831379010941033,-0.8281363811338405,-47.44871950020643,GPS_DEGRADED,GPS_DEGRADED,unstructured_road,0.0,0,296,11,28.62478587564067
456,18.24,19.147221736484976,-14.80970877814895,-0.8304993581841658,-47.58410811227634,GPS_DEGRADED,GPS_DEGRADED,unstructured_road,0.0,0,300,11,29.915296064362437
457,18.28,19.344617397914977,-14.764872686184185,-0.8315300741061467,-47.64316378448278,GPS_DEGRADED,GPS_DEGRADED,unstructured_road,0.0,0,296,11,33.42261321348601
458,18.32,19.32139286204663,-14.741347166791108,-0.8336192244749975,-47.76286328338613,GPS_DEGRADED,GPS_DEGRADED,unstructured_road,0.0,0,300,11,32.34274345905015
459,18.36,19.538254426632513,-14.717676142176314,-0.8355583689446044,-47.87396807736075,GPS_DEGRADED,GPS_DEGRADED,unstructured_road,0.0,0,299,11,26.386406386632864
460,18.4,19.5117562935415,-14.690356802586633,-0.8373953312653952,-47.97921826546661,GPS_DEGRADED,GPS_DEGRADED,unstructured_road,0.0,0,297,11,30.378318087333145
461,18.44,19.452960951848652,-14.627520030676102,-0.8383838952839265,-48.035858811506955,GPS_DEGRADED,GPS_DEGRADED,unstructured_road,0.0,0,296,11,31.33234228513801
462,18.48,19.667825492755092,-14.601938949896445,-0.840710181909028,-48.169145217063,GPS_DEGRADED,GPS_DEGRADED,unstructured_road,0.0,0,299,11,26.585264438922977
463,18.52,19.6437829917116,-14.576531314895337,-0.8421687479740857,-48.25271489673181,GPS_DEGRADED,GPS_DEGRADED,unstructured_road,0.0,0,299,11,25.068458108705787
464,18.56,19.83667949413753,-14.525453214687168,-0.8430271963602723,-48.30190036619012,GPS_DEGRADED,GPS_DEGRADED,unstructured_road,0.0,0,297,11,29.490624011249782
465,18.6,19.81316509990702,-14.501153617900123,-0.8451960639369038,-48.426167324653875,GPS_DEGRADED,GPS_DEGRADED,unstructured_road,0.0,0,299,11,29.442390037765517
466,18.64,19.787638303986792,-14.480373727200336,-0.853719812556725,-48.914542146200084,GPS_DEGRADED,GPS_DEGRADED,unstructured_road,0.0,0,299,11,30.38558057318381
467,18.68,19.98422656187483,-14.43148056272957,-0.854193888397577,-48.94170469105002,GPS_DEGRADED,GPS_DEGRADED,unstructured_road,0.0,0,298,11,27.71041608858234
468,18.72,19.946188387399562,-14.420590698309137,-0.8844762094824586,-50.676753883073765,GPS_DEGRADED,GPS_DEGRADED,unstructured_road,0.0,0,292,11,27.854693248681745
469,18.76,20.139757066306363,-14.411104051521626,-0.9204201265490248,-52.736188630156256,GPS_DEGRADED,GPS_DEGRADED,unstructured_road,0.0,0,298,11,23.237398752340745
470,18.8,20.094009122872635,-14.396942449843857,-0.9530632084742461,-54.60649945477122,GPS_DEGRADED,GPS_DEGRADED,unstructured_road,0.0,0,300,11,22.78869015278291
471,18.84,19.996113209682427,-14.361768043792559,-0.9850697240265355,-56.44033771283723,GPS_DEGRADED,GPS_DEGRADED,unstructured_road,0.0,0,296,11,21.822828541400014
472,18.88,20.18609560872351,-14.342003787100273,-1.0171094499206523,-58.27607878332614,GPS_DEGRADED,GPS_DEGRADED,unstructured_road,0.0,0,300,11,23.57052380765059
473,18.92,20.134968767198743,-14.320819113478349,-1.0499667900626324,-60.15866569948738,GPS_DEGRADED,GPS_DEGRADED,unstructured_road,0.0,0,300,11,23.318011496936744
474,18.96,20.269608870228705,-14.274554876007615,-1.0834514513444444,-62.077195469360326,GPS_DEGRADED,GPS_DEGRADED,unstructured_road,0.0,0,298,11,7.793511080885728
475,19.0,20.21042411762803,-14.252851542424708,-1.1219763478163587,-64.28450944337945,GPS_DEGRADED,GPS_DEGRADED,unstructured_road,0.0,0,300,11,9.184238588961756
476,19.04,20.153439333088368,-14.22587073544807,-1.1577539228413176,-66.33441349352226,GPS_DEGRADED,GPS_DEGRADED,unstructured_road,0.0,0,300,11,7.8623937135401825
477,19.08,20.28165110116779,-14.167300272706083,-1.1932874644116325,-68.37033545665396,GPS_DEGRADED,GPS_DEGRADED,unstructured_road,0.0,0,292,11,11.201568212712885
478,19.12,20.221039970334918,-14.134856880723776,-1.2302254982135323,-70.4867288970144,GPS_DEGRADED,GPS_DEGRADED,unstructured_road,0.0,0,297,11,9.734612929804
479,19.16,20.40139147022067,-14.097275779852147,-1.2653838246855653,-72.50115261860496,GPS_DEGRADED,GPS_DEGRADED,unstructured_road,0.0,0,299,11,7.925489921903491
480,19.2,20.336568060770187,-14.052124290559423,-1.2999622511751385,-74.48235051866088,GPS_DEGRADED,GPS_DEGRADED,unstructured_road,0.0,0,298,11,11.598169424972694
481,19.24,20.20686708372782,-13.94458665239489,-1.3319472961485892,-76.31495860317573,GPS_DEGRADED,GPS_DEGRADED,unstructured_road,0.0,0,299,11,8.406800315883572
482,19.28,20.386210499838047,-13.886381461170977,-1.3617983541107237,-78.02529823840644,GPS_DEGRADED,GPS_DEGRADED,unstructured_road,0.0,0,298,11,11.65907056645522
483,19.32,20.316592916383055,-13.826041603959057,-1.3958862369512959,-79.97839005770764,GPS_DEGRADED,GPS_DEGRADED,unstructured_road,0.0,0,300,11,18.228495932132674
484,19.36,20.41768435366409,-13.694245175278038,-1.4293996405870057,-81.8985666431522,GPS_DEGRADED,GPS_DEGRADED,unstructured_road,0.0,0,300,11,13.367319686524972
485,19.4,20.34672985977423,-13.62306048085582,-1.4632092161433774,-83.83571262966096,GPS_DEGRADED,GPS_DEGRADED,unstructured_road,0.0,0,300,11,12.854882754435593
486,19.44,20.279944081801105,-13.546516984886415,-1.4953058954786373,-85.67471689195612,GPS_DEGRADED,GPS_DEGRADED,unstructured_road,0.0,0,300,11,18.568233533729405
487,19.48,20.369075739669555,-13.377164765081405,-1.5296348102323696,-87.64161882260937,GPS_DEGRADED,GPS_DEGRADED,unstructured_road,0.0,0,299,11,15.19053431022806
488,19.52,20.301238130071408,-13.282838446592732,-1.5602833017704847,-89.39764803618579,GPS_DEGRADED,GPS_DEGRADED,left_or_center,0.0,0,300,11,10.554496156217366
489,19.56,20.467497143353967,-13.184918478638087,-1.5937018581883775,-91.31239027635087,GPS_DEGRADED,GPS_DEGRADED,left_or_center,0.0,0,300,11,23.31503026731963
490,19.6,20.401419213415238,-13.0808191432638,-1.6246750889128643,-93.08702567474889,GPS_DEGRADED,GPS_DEGRADED,left_or_center,0.0,0,300,11,17.138845643068752
491,19.64,20.28096223282964,-12.86866379071423,-1.6546891944486584,-94.80670724781014,GPS_DEGRADED,GPS_DEGRADED,left_or_center,0.0,0,294,11,16.162958909599578
492,19.68,20.46939314518089,-12.762740338512662,-1.6829506255152311,-96.42596797092466,GPS_DEGRADED,GPS_DEGRADED,left_or_center,0.0,0,299,11,16.436841878382456
493,19.72,20.42069335761811,-12.65264774492578,-1.7107732991040467,-98.0200897423339,GPS_DEGRADED,GPS_DEGRADED,left_or_center,0.0,0,296,11,11.265774029357651
494,19.76,20.571491784121044,-12.439793325340124,-1.7390268168875134,-99.63889706772436,GPS_DEGRADED,GPS_DEGRADED,left_or_center,0.0,0,290,11,12.378712754403361
495,19.8,20.53392166761375,-12.324328236120172,-1.7644376968633555,-101.0948332440536,GPS_DEGRADED,GPS_DEGRADED,left_or_center,0.0,0,298,11,12.08036866359447
496,19.84,20.501029035330404,-12.217329498363947,-1.790326311220803,-102.57814158417713,GPS_DEGRADED,GPS_DEGRADED,left_or_center,0.0,0,297,11,14.020598155458913
497,19.88,20.683263173724242,-12.009256459703872,-1.816133318647292,-104.05677419157773,GPS_DEGRADED,GPS_DEGRADED,left_or_center,0.0,0,296,11,11.139776264488097
498,19.92,20.661837583642775,-11.907148627516872,-1.8399316980836748,-105.42032089253338,GPS_DEGRADED,GPS_DEGRADED,left_or_center,0.0,0,299,11,18.39211748352328
499,19.96,20.88218121240848,-11.79434526778512,-1.863176779578155,-106.75216595660476,GPS_DEGRADED,GPS_DEGRADED,left_or_center,0.0,0,298,11,18.367069539323875
500,20.0,20.870822454823795,-11.696158231937789,-1.884626957944007,-107.98117064677089,GPS_DEGRADED,GPS_DEGRADED,left_or_center,0.0,0,299,11,19.282028649712217
501,20.04,20.896608581400837,-11.502647240276394,-1.8941720622487601,-108.5280648384454,GPS_DEGRADED,GPS_DEGRADED,left_or_center,0.0,0,294,11,16.70904310413513
502,20.08,21.149425144348623,-11.406372477159403,-1.904226223144485,-109.10412582431591,GPS_DEGRADED,GPS_DEGRADED,left_or_center,0.0,0,300,11,17.59097447941787
503,20.12,21.164682343125918,-11.31123010255076,-1.9134063243337767,-109.63010687796535,GPS_DEGRADED,GPS_DEGRADED,left_or_center,0.0,0,299,11,20.049829345009893
504,20.16,21.458042871104944,-11.146169854338243,-1.9149818708604271,-109.72037904436893,GPS_DEGRADED,GPS_DEGRADED,left_or_center,0.0,0,287,11,21.415353194965665
505,20.2,21.486431941889848,-11.060326311439796,-1.9162871572561975,-109.7951664459024,GPS_DEGRADED,GPS_DEGRADED,left_or_center,0.0,0,299,11,17.287401801980035
506,20.24,21.516279763498947,-10.968732316841301,-1.9178909147756895,-109.88705498313166,GPS_DEGRADED,GPS_DEGRADED,left_or_center,0.0,0,298,11,13.638682404968621
507,20.28,21.818397937847653,-10.779690931242204,-1.919449546503478,-109.97635800294913,GPS_DEGRADED,GPS_DEGRADED,left_or_center,0.0,0,297,11,13.549506709653244
508,20.32,21.8528788541093,-10.677572061172526,-1.9206610460772466,-110.04577181540797,GPS_DEGRADED,GPS_DEGRADED,left_or_center,0.0,0,297,11,18.38131675015229
509,20.36,22.12693582398383,-10.576650154383445,-1.9219455720085805,-110.11936972994852,GPS_DEGRADED,GPS_DEGRADED,left_or_center,0.0,0,297,11,22.280972769673724
510,20.4,22.162748133079784,-10.474264145555345,-1.9227178231612077,-110.16361646171816,GPS_DEGRADED,GPS_DEGRADED,left_or_center,0.0,0,298,11,20.05299267071777
511,20.44,22.237906455231222,-10.25035776963389,-1.9241952309006338,-110.24826568980724,GPS_DEGRADED,GPS_DEGRADED,unstructured_road,0.0,0,297,11,22.217593745199515
512,20.48,22.51981741899163,-10.130349713879573,-1.9251113428988778,-110.30075504086791,GPS_DEGRADED,GPS_DEGRADED,unstructured_road,0.0,0,295,11,16.43755045734933
513,20.52,22.561465534621284,-10.006841552223412,-1.9266418717970164,-110.38844788715407,GPS_DEGRADED,GPS_DEGRADED,unstructured_road,0.0,0,298,11,20.462814433190875
514,20.56,22.88171915463411,-9.777409801854136,-1.9276605638502464,-110.44681464242767,GPS_DEGRADED,GPS_DEGRADED,unstructured_road,0.0,0,298,11,18.918571241706246
515,20.6,22.924790855128755,-9.649828504548429,-1.9293067122447443,-110.54113199788463,GPS_DEGRADED,GPS_DEGRADED,unstructured_road,0.0,0,300,11,18.230635157278904
516,20.64,22.96474353917112,-9.531125621876745,-1.9310879331113633,-110.64318843592254,GPS_DEGRADED,GPS_DEGRADED,unstructured_road,0.0,0,300,11,20.462714601435312
517,20.68,23.273669398431597,-9.32378060357108,-1.9331596323991547,-110.76188806153324,GPS_DEGRADED,GPS_DEGRADED,unstructured_road,0.0,0,296,11,21.334201424211596
518,20.72,23.30370215344877,-9.232818935103836,-1.9354471604692451,-110.89295376546713,GPS_DEGRADED,GPS_DEGRADED,unstructured_road,0.0,0,299,11,16.03897410011969
519,20.76,23.573315300259647,-9.143484683332021,-1.9377925740827147,-111.02733606673146,GPS_DEGRADED,GPS_DEGRADED,unstructured_road,0.0,0,286,11,21.795498833396557
520,20.8,23.605899005116836,-9.04698460346024,-1.9399694964032512,-111.15206452802603,GPS_DEGRADED,GPS_DEGRADED,unstructured_road,0.0,0,298,11,18.918485909140117
521,20.84,23.672155885804056,-8.85848887609321,-1.9416094798886538,-111.24602866021075,GPS_DEGRADED,GPS_DEGRADED,unstructured_road,0.0,0,293,11,15.915125482845239
522,20.88,23.93728197909148,-8.783796392433699,-1.9440468828315938,-111.38568156181398,GPS_DEGRADED,GPS_DEGRADED,unstructured_road,0.0,0,288,11,20.05308854465481
523,20.92,23.956767178669736,-8.715603566547127,-1.949043203135245,-111.67194962830871,GPS_DEGRADED,GPS_DEGRADED,unstructured_road,0.0,0,285,11,23.31684483803361
524,20.96,24.243502031702267,-8.562156370358833,-1.9533908898615877,-111.92105372837321,GPS_DEGRADED,GPS_DEGRADED,unstructured_road,0.0,0,283,11,24.456868301671157
525,21.0,24.261360227921312,-8.492118039577154,-1.960387560325282,-112.32193341658673,GPS_DEGRADED,GPS_DEGRADED,unstructured_road,0.0,0,295,11,20.463812804324704
526,21.04,24.280290537231544,-8.421130130218287,-1.9671763081939708,-112.71090001764104,GPS_DEGRADED,GPS_DEGRADED,unstructured_road,0.0,0,293,11,29.49269767605386
527,21.08,24.547191709712855,-8.304771525163673,-1.9760805097168075,-113.22107318483353,GPS_DEGRADED,GPS_DEGRADED,unstructured_road,0.0,0,286,11,24.45358877338635
528,21.12,24.557798822529,-8.254405717639376,-1.986486614894515,-113.8172990926854,GPS_DEGRADED,GPS_DEGRADED,unstructured_road,0.0,0,297,11,27.09883833619765
529,21.16,24.81017619262138,-8.20232992755486,-1.9960834658174604,-114.3671581471864,GPS_DEGRADED,GPS_DEGRADED,unstructured_road,0.0,0,298,11,28.64844336980725
530,21.2,24.82783492883901,-8.142744899611115,-2.0033030089930395,-114.78080750115956,GPS_DEGRADED,GPS_DEGRADED,unstructured_road,0.0,0,299,11,29.490001968670022
531,21.24,24.852111036741395,-8.049974267412022,-2.0125959967077374,-115.31325647627868,GPS_DEGRADED,GPS_DEGRADED,unstructured_road,0.0,0,295,11,25.70874119658958
532,21.28,25.109323404673095,-7.997998189405073,-2.0190174132184087,-115.68117654083576,GPS_DEGRADED,GPS_DEGRADED,unstructured_road,0.0,0,300,12,26.38557642707062
533,21.32,25.133297988186566,-7.934908768231356,-2.0234945562802427,-115.93769794255513,GPS_DEGRADED,GPS_DEGRADED,unstructured_road,0.0,0,299,12,27.851918747883367
534,21.36,25.3937505337107,-7.8623858128435,-2.032853619450008,-116.47393276237902,GPS_DEGRADED,GPS_DEGRADED,unstructured_road,0.0,0,296,12,27.849144799745034
535,21.4,25.404643992590827,-7.830282120980962,-2.0399550665817094,-116.8808157114608,GPS_DEGRADED,GPS_DEGRADED,unstructured_road,0.0,0,299,12,27.852103697407564
536,21.44,25.419335464293802,-7.781769151027515,-2.0491709710337878,-117.4088481409607,GPS_DEGRADED,GPS_DEGRADED,unstructured_road,0.0,0,293,12,25.257914355741033
537,21.48,25.6716187830222,-7.729209899419973,-2.0622652342678136,-118.1590941601037,GPS_DEGRADED,GPS_DEGRADED,unstructured_road,0.0,0,291,12,25.70921394596185
538,21.52,25.67715659796347,-7.704913076259098,-2.0763375323476363,-118.9653774481276,GPS_DEGRADED,GPS_DEGRADED,unstructured_road,0.0,0,295,12,24.455870091250983
539,21.56,25.92289137215467,-7.680917530635273,-2.0905979712556917,-119.78244041156333,GPS_DEGRADED,GPS_DEGRADED,unstructured_road,0.0,0,300,12,21.79493255180728
540,21.6,25.928036339594616,-7.659808284902964,-2.1053733563587085,-120.62900761864665,GPS_DEGRADED,GPS_DEGRADED,unstructured_road,0.0,0,298,12,24.4554423117289
541,21.64,25.928744437491883,-7.6324085385968505,-2.132149122272122,-122.16314599871549,GPS_DEGRADED,GPS_DEGRADED,unstructured_road,0.0,0,295,12,31.33398078560863
542,21.68,26.172092913935437,-7.6144980402133955,-2.151966508399944,-123.29859858482082,GPS_DEGRADED,GPS_DEGRADED,unstructured_road,0.0,0,299,12,34.57423359409132
543,21.72,26.17540720039006,-7.596830274742956,-2.1727947093656312,-124.491966595005,GPS_DEGRADED,GPS_DEGRADED,unstructured_road,0.0,0,299,12,32.14567973144898
544,21.76,26.422238239254973,-7.563550602952956,-2.1938235909006436,-125.6968327548418,GPS_DEGRADED,GPS_DEGRADED,unstructured_road,0.0,0,298,12,34.575658654004684
545,21.8,26.42665771895269,-7.548825101524726,-2.211268670164798,-126.69636216994903,GPS_DEGRADED,GPS_DEGRADED,unstructured_road,0.0,0,298,12,30.150338214257474
546,21.84,26.434407403220714,-7.531977191274233,-2.222287142093682,-127.32767410815744,GPS_DEGRADED,GPS_DEGRADED,unstructured_road,0.0,0,300,12,29.49311244401004
547,21.88,26.686487101066145,-7.49801851083782,-2.2385888022700255,-128.26169043531843,GPS_DEGRADED,GPS_DEGRADED,unstructured_road,0.0,0,299,12,34.53210495550012
548,21.92,26.694630597295664,-7.481026416786806,-2.250214094586504,-128.92777062065852,GPS_DEGRADED,GPS_DEGRADED,unstructured_road,0.0,0,299,12,32.34623541478688
549,21.96,26.94250846641069,-7.46061397447841,-2.2665875240204802,-129.86589902338062,GPS_DEGRADED,GPS_DEGRADED,unstructured_road,0.0,0,300,12,34.544049942760196
550,22.0,26.948012340109344,-7.443883487282681,-2.286480699027162,-131.0056939923786,GPS_DEGRADED,GPS_DEGRADED,unstructured_road,0.0,0,299,12,23.893041670227007
551,22.04,26.9650691149391,-7.406610791437778,-2.301560213739649,-131.86968654250956,GPS_DEGRADED,GPS_DEGRADED,unstructured_road,0.0,0,299,12,27.852473603824954
552,22.08,27.211975885144856,-7.388962101985208,-2.320388569911076,-132.9484718863014,GPS_DEGRADED,GPS_DEGRADED,unstructured_road,0.0,0,299,12,27.876538614914264
553,22.12,27.22097784081464,-7.371332163845465,-2.3349936079431823,-133.78527892516917,GPS_DEGRADED,GPS_DEGRADED,unstructured_road,0.0,0,300,12,29.458105659423243
554,22.16,27.478773038555154,-7.335480148290953,-2.350965861216537,-134.7004216270464,GPS_DEGRADED,GPS_DEGRADED,unstructured_road,0.0,0,299,12,27.874315487266735
555,22.2,27.488666881399503,-7.316217964688856,-2.367053700896289,-135.62218694217927,GPS_DEGRADED,GPS_DEGRADED,unstructured_road,0.0,0,299,12,30.382499094530967
556,22.24,27.498091672423804,-7.298298685964707,-2.3834778867918387,-136.56322347593257,GPS_DEGRADED,GPS_DEGRADED,unstructured_road,0.0,0,299,12,31.331874173620086
557,22.28,27.751788378309676,-7.273553402587351,-2.3996436374131602,-137.4894527591953,GPS_DEGRADED,GPS_DEGRADED,unstructured_road,0.0,0,289,12,25.68717081894123
558,22.32,27.757544106296898,-7.2620668710967475,-2.4188190123210296,-138.58812081199727,GPS_DEGRADED,GPS_DEGRADED,unstructured_road,0.0,0,297,12,25.688586740162304
559,22.36,28.00299773708201,-7.250529020640565,-2.4402124159700094,-139.8138725505036,GPS_DEGRADED,GPS_DEGRADED,unstructured_road,0.0,0,298,12,29.519681880564452
560,22.4,28.01380389573451,-7.2356309440115485,-2.452943237664303,-140.54329490332017,GPS_DEGRADED,GPS_DEGRADED,unstructured_road,0.0,0,298,12,25.710001900220057
561,22.44,28.03185615959693,-7.211418273556457,-2.4656530493220954,-141.27151346971786,GPS_DEGRADED,GPS_DEGRADED,unstructured_road,0.0,0,291,12,29.48979462697481
562,22.48,28.277264599636897,-7.2025329654257915,-2.4839724465811486,-142.32113761588514,GPS_DEGRADED,GPS_DEGRADED,unstructured_road,0.0,0,293,12,24.45629788573894
563,22.52,28.286450193896684,-7.188778860689383,-2.501043972156045,-143.29926398117635,GPS_DEGRADED,GPS_DEGRADED,unstructured_road,0.0,0,300,12,33.422346885110045
564,22.56,28.54417831833195,-7.16674213010907,-2.51434821109715,-144.06154072213528,GPS_DEGRADED,GPS_DEGRADED,unstructured_road,0.0,0,300,12,31.332810410643717
565,22.6,28.553661799091124,-7.155670382812419,-2.5267307767578067,-144.7710094740345,GPS_DEGRADED,GPS_DEGRADED,unstructured_road,0.0,0,300,12,31.33234228513801
566,22.64,28.5649174473493,-7.143170270051206,-2.538461000085831,-145.44310176347622,GPS_DEGRADED,GPS_DEGRADED,unstructured_road,0.0,0,299,12,28.647465012874715
567,22.68,28.829123847828143,-7.116542776946056,-2.55055879311117,-146.13625424525097,GPS_DEGRADED,GPS_DEGRADED,unstructured_road,0.0,0,292,12,27.09971377436633
568,22.72,28.837911952341308,-7.105435542110362,-2.566896009920589,-147.07230781742084,GPS_DEGRADED,GPS_DEGRADED,unstructured_road,0.0,0,299,12,31.3344489600765
569,22.76,29.09127483266091,-7.091914690898971,-2.578294827650462,-147.72541196478147,GPS_DEGRADED,GPS_DEGRADED,unstructured_road,0.0,0,299,12,28.648247693074783
570,22.8,29.106702499790448,-7.076626754437111,-2.589744890464062,-148.38145223916044,GPS_DEGRADED,GPS_DEGRADED,unstructured_road,0.0,0,300,12,23.317363338688786
571,22.84,29.136040355004766,-7.046418095586925,-2.6028066420907305,-149.12983548041666,GPS_DEGRADED,GPS_DEGRADED,unstructured_road,0.0,0,299,12,17.904023631256777
572,22.88,29.392921018341912,-7.030707266018613,-2.6138978899146235,-149.7653171702594,GPS_DEGRADED,GPS_DEGRADED,unstructured_road,0.0,0,300,12,23.319437571929747
573,22.92,29.412090116574692,-7.014413098732995,-2.623203807705707,-150.29850698418417,GPS_DEGRADED,GPS_DEGRADED,unstructured_road,0.0,0,298,12,23.728001991333176
574,22.96,29.671940702035744,-6.992068952200683,-2.640363658872376,-151.28169403310696,GPS_DEGRADED,GPS_DEGRADED,unstructured_road,0.0,0,285,12,22.78992838591191
575,23.0,29.689684172051777,-6.974847314402634,-2.654534496044026,-152.0936231952096,GPS_DEGRADED,GPS_DEGRADED,unstructured_road,0.0,0,299,12,21.333767369941608
576,23.04,29.703785961672416,-6.963275253778916,-2.665067324930962,-152.69710983676453,GPS_DEGRADED,GPS_DEGRADED,unstructured_road,0.0,0,297,12,26.38657238481089
577,23.08,29.971876866680887,-6.9380590138494656,-2.67848830235609,-153.4660752001647,GPS_DEGRADED,GPS_DEGRADED,unstructured_road,0.0,0,293,12,24.45601268775072
578,23.12,29.99281956587384,-6.920068144060599,-2.691468381688711,-154.20977896366887,GPS_DEGRADED,GPS_DEGRADED,unstructured_road,0.0,0,299,12,31.333746703620974
579,23.16,30.253362870904443,-6.905909486031778,-2.699538041254441,-154.6721363988926,GPS_DEGRADED,GPS_DEGRADED,unstructured_road,0.0,0,297,12,25.64319776968037
580,23.2,30.273646802960737,-6.891125719707629,-2.7094205046877824,-155.23835984481542,GPS_DEGRADED,GPS_DEGRADED,unstructured_road,0.0,0,299,12,27.01244904136585
581,23.24,30.319441298897114,-6.859223731250358,-2.7186989767334238,-155.76997713336078,GPS_DEGRADED,GPS_DEGRADED,unstructured_road,0.0,0,296,12,27.97228317049585
582,23.28,30.582785908728585,-6.842230201566309,-2.729558999400381,-156.39221059759385,GPS_DEGRADED,GPS_DEGRADED,unstructured_road,0.0,0,298,12,30.384920203710546
583,23.32,30.604271282260108,-6.82647177490888,-2.741179547897962,-157.05801898213232,GPS_DEGRADED,GPS_DEGRADED,unstructured_road,0.0,0,300,12,29.302519247160085
584,23.36,30.899814750009213,-6.795233285412668,-2.747069648862869,-157.39549690832743,GPS_DEGRADED,GPS_DEGRADED,unstructured_road,0.0,0,293,12,34.374469340589094
585,23.4,30.927887300947134,-6.778219668132909,-2.754982259876357,-157.84885612432902,GPS_DEGRADED,GPS_DEGRADED,unstructured_road,0.0,0,299,12,26.252301760666963
586,23.44,30.94354576152666,-6.765017626346415,-2.771502201759469,-158.79537907203274,GPS_DEGRADED,GPS_DEGRADED,unstructured_road,0.0,0,298,12,22.28191969740435
587,23.48,31.226058178171844,-6.736042885512426,-2.783510192460368,-159.48338625962657,GPS_DEGRADED,GPS_DEGRADED,unstructured_road,0.0,0,291,12,27.205178598068404
588,23.52,31.24404687098362,-6.7228721255076165,-2.797926438964403,-160.30937634072802,GPS_DEGRADED,GPS_DEGRADED,unstructured_road,0.0,0,298,12,23.78046899804962
589,23.56,31.492174746630234,-6.7133137917234365,-2.825423078397149,-161.88481773101736,GPS_DEGRADED,GPS_DEGRADED,unstructured_road,0.0,0,299,12,27.765447299784196
590,23.6,31.515822926823223,-6.698989085690264,-2.837447373238245,-162.5737590770331,GPS_DEGRADED,GPS_DEGRADED,unstructured_road,0.0,0,298,12,22.74975456562183
591,23.64,31.542388762845615,-6.676768838680943,-2.8581006884633346,-163.757106872384,GPS_DEGRADED,GPS_DEGRADED,unstructured_road,0.0,0,295,12,29.70575445306137
592,23.68,31.790406200397257,-6.668648579954712,-2.8848521403179253,-165.28985215949947,GPS_DEGRADED,GPS_DEGRADED,unstructured_road,0.0,0,299,12,27.09743775276834
593,23.72,31.798668063327145,-6.659522817419256,-2.9152890647664607,-167.0337594717591,GPS_DEGRADED,GPS_DEGRADED,unstructured_road,0.0,0,299,12,23.407151108605998
594,23.76,32.06381175144616,-6.64044464843897,-2.9375408558070015,-168.30869318498912,GPS_DEGRADED,GPS_DEGRADED,unstructured_road,0.0,0,292,12,26.66147968750993
595,23.8,32.06691715506109,-6.63362807643311,-2.9869761683445373,-171.14112795230008,GPS_DEGRADED,GPS_DEGRADED,unstructured_road,0.0,0,298,12,27.85062416998672
596,23.84,32.08131464996744,-6.625029492848521,-3.0071741740031492,-172.2983884311199,GPS_DEGRADED,GPS_DEGRADED,unstructured_road,0.0,0,299,12,26.38574241480615
597,23.88,32.339804426760686,-6.609438022698958,-3.036971158184513,-174.00562986693012,GPS_DEGRADED,GPS_DEGRADED,unstructured_road,0.0,0,289,12,31.333746703620974
598,23.92,32.34747903169877,-6.602251533696468,-3.0710734344576314,-175.95954636916892,GPS_DEGRADED,GPS_DEGRADED,unstructured_road,0.0,0,299,12,31.333746703620974
599,23.96,32.60139545874024,-6.594521160714868,-3.094048472968812,-177.2759191100101,GPS_DEGRADED,GPS_DEGRADED,unstructured_road,0.0,0,300,12,27.85321344613709
600,24.0,32.610555583917176,-6.587589491667384,-3.125640325672929,-179.08599893695495,GPS_DEGRADED,GPS_DEGRADED,unstructured_road,0.0,0,297,12,27.850994037105405
601,24.04,32.61691417578848,-6.571373798698043,-3.1878058038810146,-182.64781846969078,GPS_DEGRADED,GPS_DEGRADED,unstructured_road,0.0,0,294,12,32.34199528090927
602,24.08,32.86519226279414,-6.566160869781229,-3.219816537075228,-184.48189838083852,GPS_DEGRADED,GPS_DEGRADED,unstructured_road,0.0,0,300,12,32.378446811795584
603,24.12,32.87973245409252,-6.56050750288206,-3.2434505556795648,-185.83602789980068,GPS_DEGRADED,GPS_DEGRADED,unstructured_road,0.0,0,299,12,28.65685999877018
604,24.16,33.12973194433441,-6.548658673356979,-3.294592620351712,-188.76625236109982,GPS_DEGRADED,GPS_DEGRADED,unstructured_road,0.0,0,297,12,28.632015837258518
605,24.2,33.144157639381945,-6.54362848835319,-3.3203038202063597,-190.23939559898852,GPS_DEGRADED,GPS_DEGRADED,unstructured_road,0.0,0,298,12,31.333512625130734
606,24.24,33.15792086419059,-6.539319097069143,-3.3456801818677673,-191.69335402158475,GPS_DEGRADED,GPS_DEGRADED,unstructured_road,0.0,0,299,12,32.30537690725779
607,24.28,33.42291622295552,-6.531245351780682,-3.3728653550367214,-193.25094970949812,GPS_DEGRADED,GPS_DEGRADED,unstructured_road,0.0,0,300,12,32.3078653243262
608,24.32,33.44312396851154,-6.52916243569636,-3.3904435184629738,-194.2581042854136,GPS_DEGRADED,GPS_DEGRADED,unstructured_road,0.0,0,300,12,31.331874173620086
609,24.36,33.70520989141978,-6.527879980334066,-3.4065936434813175,-195.18343828757335,GPS_DEGRADED,GPS_DEGRADED,unstructured_road,0.0,0,299,12,28.624395170921797
610,24.4,33.71903785594884,-6.524848482769117,-3.4318997610596442,-196.63337202067328,GPS_DEGRADED,GPS_DEGRADED,unstructured_road,0.0,0,299,12,32.310851930884134
611,24.44,33.7648184783271,-6.524462490382119,-3.44762282718087,-197.53423735042466,GPS_DEGRADED,GPS_DEGRADED,unstructured_road,0.0,0,298,12,30.384479973341254
612,24.48,34.02894833616126,-6.5255410707316726,-3.4613786647596996,-198.32238878735905,GPS_DEGRADED,GPS_DEGRADED,unstructured_road,0.0,0,299,12,29.46203718662855
613,24.52,34.04886387475747,-6.5234867018771325,-3.4836195342229224,-199.5966967403031,GPS_DEGRADED,GPS_DEGRADED,unstructured_road,0.0,0,299,12,31.334214871093778
614,24.56,34.32828540342467,-6.522651242109569,-3.5027362021682418,-200.69200113192292,GPS_DEGRADED,GPS_DEGRADED,unstructured_road,0.0,0,297,12,34.59904640918615
615,24.6,34.34669946714408,-6.520651958354731,-3.5274358678839217,-202.10718773281536,GPS_DEGRADED,GPS_DEGRADED,unstructured_road,0.0,0,300,12,35.770485092447295
616,24.64,34.36052865158102,-6.5183684831047914,-3.5563562190772418,-203.76420179822873,GPS_DEGRADED,GPS_DEGRADED,unstructured_road,0.0,0,299,12,35.80743586460068
617,24.68,34.64200983451825,-6.52228200686601,-3.5732350317716866,-204.73128652881226,GPS_DEGRADED,GPS_DEGRADED,unstructured_road,0.0,0,298,12,34.53238926395521
618,24.72,34.66988996289203,-6.527787328048951,-3.5856922150146358,-205.44503055325436,GPS_DEGRADED,GPS_DEGRADED,unstructured_road,0.0,0,300,12,34.61475105429517
619,24.76,34.934413082077484,-6.53213000028555,-3.599841253912507,-206.2557107662688,GPS_DEGRADED,GPS_DEGRADED,unstructured_road,0.0,0,300,12,28.202689618074235
620,24.8,34.969889649887136,-6.539990431364239,-3.6124835844537757,-206.98006294949283,GPS_DEGRADED,GPS_DEGRADED,unstructured_road,0.0,0,297,12,30.411577894110994
621,24.84,35.01968929986753,-6.550009885735168,-3.626817601867371,-207.80134165075887,GPS_DEGRADED,GPS_DEGRADED,unstructured_road,0.0,0,294,13,31.367021395933204
622,24.88,35.28672581685573,-6.556577670895824,-3.6398132985289653,-208.54594022130047,GPS_DEGRADED,GPS_DEGRADED,unstructured_road,0.0,0,299,13,31.30778532507278
623,24.92,35.315858638507045,-6.564546604755857,-3.6519824642281424,-209.2431820560587,GPS_DEGRADED,GPS_DEGRADED,unstructured_road,0.0,0,299,13,27.86801855075545
624,24.96,-34.858584595314355,-9.38829270770588,-3.670070438688561,-210.2795466525811,GPS_LOST,GPS_LOST,unstructured_road,0.0,0,298,13,31.334214871093778
625,25.0,-34.8294522326428,-9.394230365005663,-3.6873028168551745,-211.26688919250145,GPS_LOST,GPS_LOST,unstructured_road,0.0,0,300,13,30.348863628141213
626,25.04,-34.800167458984106,-9.401127837412837,-3.7038499242137046,-212.2149686072951,GPS_LOST,GPS_LOST,unstructured_road,0.0,0,296,13,31.302878551544506
627,25.08,-34.742045911085604,-9.41528878291153,-3.7208641322676126,-213.1898109205415,GPS_LOST,GPS_LOST,unstructured_road,0.0,0,297,13,28.67547242048842
628,25.12,-34.7246912978295,-9.416978721639572,-3.746243111597777,-214.64391932450968,GPS_LOST,GPS_LOST,unstructured_road,0.0,0,297,13,28.647073688811787
629,25.16,-34.69348788687257,-9.428118536827983,-3.7600193014335064,-215.433236859868,GPS_LOST,GPS_LOST,unstructured_road,0.0,0,295,13,32.34798167543305
630,25.2,-34.68212082014768,-9.427350615709635,-3.7961182919230594,-217.5015566596023,GPS_LOST,GPS_LOST,unstructured_road,0.0,0,294,13,31.29890752790878
631,25.24,-34.66496617798574,-9.421671954993993,-3.8473919569568644,-220.43932126620683,GPS_LOST,GPS_LOST,unstructured_road,0.0,0,295,13,28.620098122837785
632,25.28,-34.65054795342702,-9.422696384448873,-3.8808060354265272,-222.35380693883747,GPS_LOST,GPS_LOST,unstructured_road,0.0,0,298,13,30.383159358769113
633,25.32,-34.64085591074196,-9.420135678387279,-3.93330698560158,-225.36188980429458,GPS_LOST,GPS_LOST,unstructured_road,0.0,0,300,13,26.385908404630097
634,25.36,-34.622662375437415,-9.417502426489913,-3.982541289266917,-228.18280761158388,GPS_LOST,GPS_LOST,unstructured_road,0.0,0,299,13,34.575943680084414
635,25.4,-34.60918848890789,-9.416975963161294,-4.028857164703599,-230.83651179855937,GPS_LOST,GPS_LOST,unstructured_road,0.0,0,300,13,32.38019655222993
636,25.44,-34.60027679605665,-9.417505125096314,-4.072433783834454,-233.33326816020647,GPS_LOST,GPS_LOST,unstructured_road,0.0,0,299,13,29.491246080072
637,25.48,-34.581588572999785,-9.41787398323347,-4.120386743217481,-236.08077034801616,GPS_LOST,GPS_LOST,unstructured_road,0.0,0,300,13,30.384700086931325
638,25.52,-34.57302676938678,-9.418305016130299,-4.169254788168797,-238.88070307678217,GPS_LOST,GPS_LOST,unstructured_road,0.0,0,299,13,30.383159358769113
639,25.56,-34.56224088178944,-9.423652405135911,-4.199117897372661,-240.5917331973018,GPS_LOST,GPS_LOST,unstructured_road,0.0,0,300,13,27.852658560718247
640,25.6,-34.55313933023645,-9.422977394135645,-4.258673376418322,-244.00401079349803,GPS_LOST,GPS_LOST,unstructured_road,0.0,0,299,13,28.647856347628903
641,25.64,-34.533393617014454,-9.424636644235118,-4.313054785515762,-247.11983601875568,GPS_LOST,GPS_LOST,unstructured_road,0.0,0,300,13,24.459435502682528
642,25.68,-34.523911395051144,-9.430506455458595,-4.345537153010815,-248.98093858481514,GPS_LOST,GPS_LOST,unstructured_road,0.0,0,300,13,27.85228864938808
643,25.72,-34.51367038444132,-9.432611338306302,-4.398233618242781,-252.00022363786465,GPS_LOST,GPS_LOST,unstructured_road,0.0,0,298,13,27.86246479247489
644,25.76,-34.496711680047845,-9.440480657672051,-4.4415063817799245,-254.4795703564106,GPS_LOST,GPS_LOST,unstructured_road,0.0,0,298,13,32.310851930884134
645,25.8,-34.48683975315874,-9.45571622437983,-4.457509121922284,-255.39645982721237,GPS_LOST,GPS_LOST,unstructured_road,0.0,0,300,13,32.103605844667776
646,25.84,-34.4804841340663,-9.459499807958696,-4.498506506827048,-257.7454369533287,GPS_LOST,GPS_LOST,unstructured_road,0.0,0,299,13,33.995558365348764
647,25.88,-34.467949052025986,-9.4745432767722,-4.523812348973882,-259.19535490536657,GPS_LOST,GPS_LOST,unstructured_road,0.0,0,300,13,33.36014252990583
648,25.92,-34.4612324023697,-9.483686419776364,-4.547233521728161,-260.53728925543356,GPS_LOST,GPS_LOST,unstructured_road,0.0,0,293,13,34.26299064657109
649,25.96,-34.456226001337846,-9.491678356065067,-4.567995238738063,-261.7268480155459,GPS_LOST,GPS_LOST,unstructured_road,0.0,0,296,13,27.76471211258655
650,26.0,-34.449202295963794,-9.514742615119927,-4.575953749103024,-262.1828370706693,GPS_LOST,GPS_LOST,unstructured_road,0.0,0,298,13,26.019094174353757
651,26.04,-34.4423481172948,-9.539183215774747,-4.583163411461998,-262.5959202955528,GPS_LOST,GPS_LOST,unstructured_road,0.0,0,296,13,29.49228291976346
652,26.08,-34.439632787709705,-9.54680302468912,-4.594379004675793,-263.2385264514389,GPS_LOST,GPS_LOST,unstructured_road,0.0,0,294,13,25.64758829860092
653,26.12,-34.43544145208714,-9.560453055653763,-4.603847865757772,-263.78105222823194,GPS_LOST,GPS_LOST,unstructured_road,0.0,0,299,13,25.06695991011451
654,26.16,-34.4304021849681,-9.58443261099487,-4.609036985992841,-264.0783669170873,GPS_LOST,GPS_LOST,unstructured_road,0.0,0,290,13,31.676162281364228
655,26.2,-34.42948213913394,-9.59053766793405,-4.6114698640012675,-264.21776055904036,GPS_LOST,GPS_LOST,unstructured_road,0.0,0,298,13,34.57423359409132
656,26.24,-34.42658525336358,-9.60129529702153,-4.620002901234159,-264.706667578913,GPS_LOST,GPS_LOST,unstructured_road,0.0,0,300,13,38.32129446053485
657,26.28,-34.42472344639368,-9.618800904432337,-4.620717138363529,-264.7475903519974,GPS_LOST,GPS_LOST,unstructured_road,0.0,0,299,13,31.334683052556873
658,26.32,-34.4232978764769,-9.626687300715618,-4.625304517720468,-265.0104278281755,GPS_LOST,GPS_LOST,unstructured_road,0.0,0,300,13,30.54534861703832
659,26.36,-34.422688332438256,-9.632589042706014,-4.626137816763406,-265.0581723464081,GPS_LOST,GPS_LOST,unstructured_road,0.0,0,295,13,29.114171479342513
660,26.4,-34.422165687161474,-9.63754989048512,-4.6271228506965825,-265.1146106334563,GPS_LOST,GPS_LOST,unstructured_road,0.0,0,298,13,31.333746703620974
661,26.44,-34.42134050421571,-9.647190542935041,-4.627129158650879,-265.11497205261486,GPS_LOST,GPS_LOST,unstructured_road,0.0,0,287,13,31.753861062322088
662,26.48,-34.42001846464254,-9.65531805876967,-4.631128637697385,-265.3441253222307,GPS_LOST,GPS_LOST,unstructured_road,0.0,0,295,13,29.52446115076516
663,26.52,-34.41941128874788,-9.66275930129175,-4.631136812808188,-265.3445937215767,GPS_LOST,GPS_LOST,unstructured_road,0.0,0,296,13,31.297039159503342
664,26.56,-34.42014536338702,-9.676255999113756,-4.624000610989263,-264.9357194755988,GPS_LOST,GPS_LOST,unstructured_road,0.0,0,297,13,32.308611924202744
665,26.6,-34.420656496910105,-9.684793802891177,-4.616201448002253,-264.48886035270846,GPS_LOST,GPS_LOST,unstructured_road,0.0,0,298,13,32.823903210154796
666,26.64,-34.4211922736769,-9.690188282084558,-4.605928693331048,-263.9002748660751,GPS_LOST,GPS_LOST,unstructured_road,0.0,0,300,13,32.340249666520165
667,26.68,-34.42088669877735,-9.706566078002888,-4.6013073999218435,-263.63549425783606,GPS_LOST,GPS_LOST,unstructured_road,0.0,0,300,13,32.56952943003572
668,26.72,-34.41877822185566,-9.72044771986958,-4.603394550701334,-263.7550791887083,GPS_LOST,GPS_LOST,unstructured_road,0.0,0,300,13,31.999267594888423
669,26.76,-34.417482172726,-9.732099667499291,-4.603488260325711,-263.76044835468485,GPS_LOST,GPS_LOST,unstructured_road,0.0,0,300,13,28.445408983323272
670,26.8,-34.41639537648947,-9.741917178518595,-4.603559321405884,-263.7645198546664,GPS_LOST,GPS_LOST,unstructured_road,0.0,0,300,13,33.38430557877059
671,26.84,-34.414570183547205,-9.760874839692399,-4.602883102261472,-263.7257753516656,GPS_LOST,GPS_LOST,unstructured_road,0.0,0,297,13,32.926975553845914
672,26.88,-34.413658830854956,-9.766532258378403,-4.605525830850906,-263.8771925462388,GPS_LOST,GPS_LOST,unstructured_road,0.0,0,299,13,32.00830293502648
673,26.92,-34.41192285931501,-9.778616126725042,-4.607411139314182,-263.9852127642648,GPS_LOST,GPS_LOST,unstructured_road,0.0,0,300,13,37.48662948662949
674,26.96,-34.4099516442194,-9.796228893730463,-4.607752087148547,-264.00474763620804,GPS_LOST,GPS_LOST,unstructured_road,0.0,0,300,13,31.30007537144691
675,27.0,-34.40905165107283,-9.806175368468313,-4.606994245302937,-263.9613264969162,GPS_LOST,GPS_LOST,unstructured_road,0.0,0,299,13,32.51801773863425
676,27.04,-34.40801519068674,-9.81466120887771,-4.60784389038619,-264.0100075742706,GPS_LOST,GPS_LOST,unstructured_road,0.0,0,300,13,34.53238926395521
677,27.08,-34.40444249527859,-9.848699230145058,-4.607845673735944,-264.0101097526849,GPS_LOST,GPS_LOST,unstructured_road,0.0,0,298,13,35.541635949191175
678,27.12,-34.404614048594354,-9.858635894603424,-4.6014348174226924,-263.6427947428708,GPS_LOST,GPS_LOST,unstructured_road,0.0,0,299,13,34.57537363262413
679,27.16,-34.40374630794799,-9.867361846254662,-4.600811850913035,-263.60710139108943,GPS_LOST,GPS_LOST,unstructured_road,0.0,0,297,13,32.33152442032561
680,27.2,-34.40370133789648,-9.87474267286864,-4.5952600412083635,-263.289006126352,GPS_LOST,GPS_LOST,unstructured_road,0.0,0,299,13,31.666357122903975
681,27.24,-34.402918955555286,-9.884775758154946,-4.593191294131526,-263.1704756499692,GPS_LOST,GPS_LOST,unstructured_road,0.0,0,289,13,30.41576806213243
682,27.28,-34.40378097854216,-9.89128072673628,-4.57998352187468,-262.41372604288193,GPS_LOST,GPS_LOST,unstructured_road,0.0,0,300,13,29.073003022153216
683,27.32,-34.40343296072894,-9.897565922435136,-4.5759261058525,-262.18125322908224,GPS_LOST,GPS_LOST,unstructured_road,0.0,0,299,13,29.458519454979633
684,27.36,-34.40261219207004,-9.912094174188553,-4.571714095206061,-261.93992279577714,GPS_LOST,GPS_LOST,unstructured_road,0.0,0,300,13,36.371948628563004
685,27.4,-34.40389800668502,-9.918585008574443,-4.55401725630074,-260.9259686157793,GPS_LOST,GPS_LOST,unstructured_road,0.0,0,300,13,34.57451859667634
686,27.44,-34.40402903505482,-9.92172344214877,-4.5434858299872465,-260.3225623357631,GPS_LOST,GPS_LOST,unstructured_road,0.0,0,295,13,33.7249453235559
687,27.48,-34.40843090382105,-9.92638994580676,-4.494794913581136,-257.53277832506865,GPS_LOST,GPS_LOST,unstructured_road,0.0,0,288,13,33.42208056097852
688,27.52,-34.410892717438315,-9.93182029300872,-4.460940959740922,-255.59308965019372,GPS_LOST,GPS_LOST,unstructured_road,0.0,0,299,13,34.57138382664458
689,27.56,-34.41282746603604,-9.935182069872,-4.420221577412678,-253.26004089840575,GPS_LOST,GPS_LOST,unstructured_road,0.0,0,297,13,33.44446659383946
690,27.6,-34.4149409622314,-9.938130359202626,-4.372110200486167,-250.5034620539536,GPS_LOST,GPS_LOST,unstructured_road,0.0,0,300,13,31.367021395933204
691,27.64,-34.418586533233615,-9.94500954662811,-4.32855271877499,-248.00780218568485,GPS_LOST,GPS_LOST,unstructured_road,0.0,0,297,13,34.534948250734864
